protein,tier,accession,n_mr_outcomes,top_mr_outcome,top_mr_beta,top_mr_p,n_pqtl_datasets,pqtl_ids,n_genetic_diseases,top_genetic_disease,top_genetic_score,n_opportunity_rows,n_burden_diseases,top_burden_disease,n_established,n_exploratory_burden,n_multilayer,chembl_target,n_modulators,pLI,LOEUF,gwas_unique_snps,n_gwas_traits,n_gw_significant,top_gwas_trait,top_gwas_p,clinvar_records,pgx_annotations,errors,generated_at
A1CF,A,Q9NQ94,112,Serum creatinine (eGFRcrea),-0.0139875188293523,3.43623950261922e-06,0,,7,gout,0.821,7,0,,1,0,0,,,1.147231508542335e-11,0.8866231130207745,57,104,171,Serum urate levels,8e-95,92,,,2026-08-14T00:50:27
ACE,A,P12821,107,Non-cancer illness code  self-reported: hypertension,-0.029626496,4.46e-05,0,,13,hypertensive disorder,0.806,12,0,,4,0,0,CHEMBL1808,17,7.628967825190318e-31,0.8736380337442785,73,55,75,Angiotensin-converting enzyme levels,2e-746,861,27,,2026-08-14T00:50:48
ACHE,A,P22303,127,Pulse rate,0.085599663,2.12e-09,0,,3,Abnormality of the skeletal system,0.785,3,0,,0,0,0,CHEMBL220,20,0.9482610303574963,0.5176770906385761,102,22,39,ACHE protein levels,2e-174,100,1,,2026-08-14T00:51:12
ACP1,A,P24666,115,Height,0.0121261115602264,1.30684778577615e-06,1,prot-c-3858_5_1,19,myopia,0.601,13,0,,0,0,0,CHEMBL4903,0,1.8213574089206714e-08,1.394331431382761,90,56,57,Low molecular weight phosphotyrosine protein phosphatase levels (ACP1.3858.5.1),1e-1095,104,,,2026-08-14T00:51:28
ACP2,A,P11117,113,Systemic lupus erythematosus,-0.576335673195359,0.0012258134057252,0,,16,clear cell renal carcinoma,0.378,13,0,,2,0,0,,,8.383036182512512e-08,0.847998653562784,142,34,38,"high density lipoprotein cholesterol (HDLC, mean, inv-norm transformed)",5e-69,97,,,2026-08-14T00:51:49
ACP5,A,P13686,88,Paget's disease,-0.584402476780186,0.000852168939575363,1,prot-c-3232_28_2,5,Spondyloenchondrodysplasia with immune dysregulation,0.909,5,0,,2,0,0,CHEMBL3120042,0,1.0987726668425463e-07,1.1777967487702694,49,4,9,Circulating ACP5 levels,6e-971,368,,,2026-08-14T00:52:06
ACP6,A,Q9NPH0,105,Non-cancer illness code  self-reported: hypertension,0.014344114,0.002195596,0,,5,ventricular septal defect,0.538,5,0,,1,0,0,,,8.319677142208064e-17,1.2683361740485413,88,18,39,Circulating ACP6 levels,2e-4526,393,,,2026-08-14T00:52:18
ADA2,A,Q9NZK5,120,Weight,-0.00895014782806459,0.000525186710569249,0,,12,deficiency of adenosine deaminase 2,0.916,12,0,,10,0,0,,,6.984018644791961e-07,0.8938528357003451,104,25,48,Adenosine deaminase CECR1 levels,3e-985,705,,,2026-08-14T00:52:33
ADAM12,A,O43184,93,Diagnoses - main ICD10: S76 Injury of muscle and tendon at hip and thigh level,0.854348797,0.000942292,1,prot-c-4420_7_2,19,intelligence,0.524,15,0,,0,0,0,CHEMBL5030,0,2.9333503780508964e-15,0.8029665617078553,120,59,48,ADAM12 protein levels,8e-74,221,,,2026-08-14T00:52:50
ADAM15,A,Q13444,75,Non-cancer illness code  self-reported: high cholesterol,-0.243289811709403,3.74006279226831e-06,0,,14,Varicose veins,0.652,14,0,,0,0,0,CHEMBL2331050,0,2.1990707892348343e-17,0.8181058513136925,138,76,97,Circulating ADAM15 levels,4e-3324,224,,,2026-08-14T00:53:09
ADAM19,A,Q9H013,121,Forced expiratory volume in 1-second (FEV1),0.06818252,2.1e-14,0,,9,coronary artery disorder,0.695,7,0,,0,0,0,,,8.832213461474635e-11,0.6964537328175229,89,69,81,Lung function (FEV1/FVC),3e-91,181,,,2026-08-14T00:53:23
ADAM22,A,Q9P0K1,72,Schizophrenia,-0.249710096,3.05e-05,0,,9,"developmental and epileptic encephalopathy, 61",0.8,9,0,,2,0,0,,,0.00025851901216153103,0.5527090146911154,44,19,25,ADAM22/EPHB6 protein level ratio,2e-2411,214,,,2026-08-14T00:54:00
ADAM23,A,O75077,114,Diagnoses - main ICD10: K80 Cholelithiasis,-0.128894363354466,0.00675091054714981,0,,13,tonsillitis,0.551,13,0,,0,0,0,,,0.9999999929458908,0.3675178040486624,60,26,51,Circulating ADAM23 levels,7e-1768,147,,,2026-08-14T00:54:13
ADAMTS13,A,Q76LX8,82,Primary sclerosing cholangitis ,-0.213877241590341,0.0015740638260427,1,prot-c-3175_51_5,7,congenital thrombotic thrombocytopenic purpura,0.947,7,0,,7,0,0,CHEMBL2346492,1,5.0822207194317784e-26,0.8311968717713295,190,95,138,Circulating ADAMTS13 levels,2e-839,1259,,,2026-08-14T00:48:54
ADAMTS5,A,Q9UNA0,116,Height,0.0149114631873253,6.33424836662398e-05,1,prot-c-3168_8_2,23,Abnormality of the skeletal system,0.883,15,0,,1,0,0,CHEMBL2285,1,3.9187102267799445e-12,0.8316956799592515,51,41,74,A disintegrin and metalloproteinase with thrombospondin motifs 5 levels,4e-469,236,,,2026-08-14T00:54:38
ADGRE2,A,Q9UHX3,104,Diagnoses - main ICD10: D25 Leiomyoma of uterus,0.264886575928854,1.24189380349666e-05,1,prot-c-4546_27_3,3,vibratory urticaria,0.688,3,0,,2,0,0,,,1.909801814718722e-23,0.9883915149594987,30,10,4,Adhesion G protein-coupled receptor E2 levels,2e-339,701,,,2026-08-14T00:54:54
ADH4,A,P08319,112,Diagnoses - main ICD10: B37 Candidiasis,1.140016552,1.21e-05,0,,4,ischemic stroke,0.425,3,0,,0,0,0,CHEMBL2990,0,4.679752568427161e-10,1.1890723452161878,114,173,228,ADH4/GSTA1 protein level ratio,1e-271,83,,,2026-08-14T00:55:14
ADH5,A,P11766,118,HOMA-IR,0.063380282,6.33e-05,0,,9,"AMED syndrome, digenic",0.764,8,1,Parkinson disease,1,1,0,CHEMBL4116,2,2.2608445453259374e-09,1.0654612009204165,111,121,141,ADH4/GSTA1 protein level ratio,1e-271,76,,,2026-08-14T00:55:34
ADH7,A,P40394,95,Alcohol intake frequency,-0.050855611,0.000738157,0,,4,carcinoma of esophagus,0.559,4,0,,0,0,0,CHEMBL3867,0,1.146389534081042e-16,1.546859299300447,111,44,50,Drinks per week,5e-156,103,1,,2026-08-14T00:55:52
ADIPOQ,A,Q15848,65,Non-cancer illness code self-reported: pulmonary embolism (with or without) dvt,0.448320939,0.000442009,1,prot-c-3554_24_1,6,adiponectin deficiency,0.718,5,0,,1,0,0,CHEMBL3392947,0,4.305917690535799e-08,1.7332927193853664,116,34,60,ADIPOQ protein levels,4e-232,87,1,,2026-08-14T00:56:29
ADM,A,P35318,193,Eye problems or disorders: Glaucoma,0.00798451685574988,0.00242227423682838,0,,21,hypertensive disorder,0.656,15,0,,0,0,0,CHEMBL2062356,1,0.24266649377732927,1.015624758146172,104,28,26,Circulating ADM levels,2e-162,46,1,,2026-08-14T00:56:50
AFM,A,P43652,98,Cancer code  self-reported: malignant melanoma,0.234633627459628,0.00865133461856497,1,prot-c-4763_31_3,6,Abnormality of the skeletal system,0.531,6,0,,0,0,0,,,7.176302280010243e-33,1.4341254748525467,52,9,14,Afamin levels,3e-125,131,,,2026-08-14T00:57:04
AFP,A,P02771,114,Diagnoses - main ICD10: B37 Candidiasis,1.070872626,8.11e-05,0,,4,Congenital deficiency in alpha-fetoprotein,0.67,4,0,,3,0,0,CHEMBL3712864,1,4.7710728564661606e-18,0.998248973009298,53,14,22,AFP levels,1e-237,132,,,2026-08-14T00:57:28
AGER,A,Q15109,112,Age at menarche,0.112219451371571,4.39999999999997e-06,1,prot-c-4125_52_2,0,,,0,0,,0,0,0,CHEMBL2176846,1,2.524381978027315e-15,1.2046980106610883,414,47,56,FEV1 FVC ratio Z score (UKB data field 20258),3e-239,117,,,2026-08-14T00:58:00
AGRP,A,O00253,118,Height,-0.05357360282479,2.74864847394578e-09,1,prot-c-2813_11_2,7,Obesity,0.195,5,0,,1,0,0,,,0.02257334347200774,1.0626197232375794,60,,,,,58,,,2026-08-14T00:58:14
AGT,A,P01019,116,Diastolic blood pressure  automated reading,0.0608262167811287,1.04255157653465e-11,1,prot-c-3484_60_2,17,renal tubular dysgenesis,0.779,15,0,,9,0,0,CHEMBL5169121,0,5.721075421872935e-09,1.2824486550153893,81,65,103,Circulating TGFBI levels,2e-438,326,13,,2026-08-14T00:58:35
AHSG,A,P02765,106,Non-cancer illness code  self-reported: diverticular disease or diverticulitis,0.101635997114771,0.00566115129936891,1,prot-c-3581_53_3,3,Alopecia-intellectual disability syndrome,0.561,3,0,,2,0,0,CHEMBL4295694,0,8.52863678891884e-07,1.0833912392327127,179,95,114,Alpha-2-HS-glycoprotein (analyte X10966.1) levels,5e-1417,123,,,2026-08-14T00:59:00
AIFM1,A,O95831,76,Weight,-0.0181177998472116,0.000411686681392085,0,,24,severe X-linked mitochondrial encephalomyopathy,0.847,15,0,,22,0,0,CHEMBL4295688,0,0.9999999995213306,0.1499954268254044,12,6,4,Height,4e-32,964,,,2026-08-14T00:59:18
AKR1A1,A,P14550,80,Breast cancer (Combined Oncoarray; iCOGS; GWAS meta analysis),-0.0329661016949153,0.0023731561520907,1,prot-c-4192_10_2,3,heart failure,0.211,3,0,,0,0,0,CHEMBL2246,0,2.1842508993232962e-06,0.9212194693932011,87,35,46,Ribitol levels,2e-123,69,,,2026-08-14T00:59:41
AKR1B1,A,P15121,60,Birth weight,-0.0549651887138146,0.0110102642984867,0,,3,hypertensive disorder,0.248,3,0,,0,0,0,CHEMBL1900,4,0.0005588029906020869,0.7775616911852498,30,17,23,AKR1B1 protein levels,2e-105,73,,,2026-08-14T00:59:58
AKR1C1,A,Q04828,111,Height,-0.0898818695428865,9.56252582271969e-14,0,,7,alcohol drinking,0.621,7,0,,0,0,0,CHEMBL5905,0,2.5821750950714134e-09,1.0589048849753886,73,14,16,X-17359 levels,3e-55,107,,,2026-08-14T01:00:15
AKR7A2,A,O43488,96,Diagnoses - main ICD10: M23 Internal derangement of knee,0.195981482,0.000287702,1,prot-c-4188_1_2,3,hypothyroidism,0.111,2,0,,0,0,0,CHEMBL6067037,0,1.973120115950697e-08,1.0607661796814376,48,14,15,Urine X-24462 levels in chronic kidney disease,9e-991,101,,,2026-08-14T01:00:33
ALCAM,A,Q13740,109,Height,-0.0751633986928105,3.20269539488283e-07,1,prot-c-5451_1_3,26,open-angle glaucoma,0.67,14,0,,0,0,0,CHEMBL4665584,1,0.11240257214534616,0.5736662016858357,138,136,157,Bone mineral density mean,1e-300,126,,,2026-08-14T01:00:54
ALDH3A1,A,P30838,110,Lung adenocarcinoma,-0.366994438422503,0.00468960050075154,0,,2,keratoconus,0.485,2,0,,1,0,0,CHEMBL3578,0,5.206581096126041e-15,1.17822175283474,35,16,23,Circulating ALDH3A1 levels,2e-1229,172,1,,2026-08-14T01:01:17
ALPP,A,P05187,63,Diagnoses - main ICD10: N20 Calculus of kidney and ureter,-0.357261188,0.010566022,0,,5,ovarian disorder,0.412,5,0,,0,0,0,CHEMBL4458,0,7.883722690640634e-11,1.004385365851337,103,3,5,"Alkaline phosphatase, placental type levels",1e-68,185,,,2026-08-14T01:01:37
ALPPL2,A,P10696,72,Body mass index (BMI),0.030423385,0.019222433,0,,7,nephrotic syndrome,0.452,7,0,,0,0,0,CHEMBL3402,0,,,,,,,,,,,2026-08-14T01:01:54
AMBP,A,P02760,110,Forced vital capacity (FVC),-0.0716671794871795,7.18296679349515e-05,0,,15,osteoarthritis,0.097,12,0,,0,0,0,,,9.605628184306447e-11,1.05124567163313,78,25,27,Circulating AMBP levels,1e-257,120,,,2026-08-14T01:02:09
AMH,A,P03971,82,Femoral neck bone mineral density,-0.108392715756136,0.00216146671247245,1,prot-c-4923_79_1,5,persistent Mullerian duct syndrome,0.9,5,0,,4,0,0,,,1.0600623919838216e-15,1.5318938636934833,100,3,3,Anti-Mullerian hormone levels in pre-menopausal women,8e-12,311,,,2026-08-14T01:02:25
AMY1A,A,P0DUB6,84,Diagnoses - main ICD10: I84 Haemorrhoids,0.0910889041347981,0.00746281351000036,0,,16,dentures,0.757,14,0,,0,0,0,CHEMBL2478,0,0.9177279086630824,0.5722928526794354,22,1,1,Alpha-amylase 1 levels (AMY1A.7918.114.3),3e-19,48,,,2026-08-14T01:02:42
AMY2B,A,P19961,101,Eczema,0.148241838,0.011433834,0,,13,dentures,0.182,11,0,,0,0,0,,,3.9947355487105205e-23,1.3099804195136036,37,14,30,AMY1A or AMY1B or AMY1C protein levels,4e-264,156,,,2026-08-14T01:02:55
ANG,A,P03950,112,Diagnoses - main ICD10: B37 Candidiasis,0.484878681036914,0.000552924315017309,1,prot-c-4874_3_1,5,amyotrophic lateral sclerosis,0.917,4,0,,4,0,0,CHEMBL3580489,8,,,108,15,34,Circulating ANG levels,1e-1158,158,,,2026-08-14T01:03:16
ANGPTL1,A,O95841,117,HDL cholesterol,0.0408826945412311,0.000431546798589435,0,,3,gastritis,0.47,3,0,,0,0,0,,,4.1884120683781636e-10,1.017846514644169,37,3,3,Angiopoietin-related protein 1 levels,2e-100,120,,,2026-08-14T01:03:45
ANGPTL3,A,Q9Y5C1,64,Triglycerides,0.548358208955224,1.2805147773772e-81,1,prot-c-3281_19_1,20,familial hypobetalipoproteinemia 2,0.849,14,5,Hypercholesterolemia,3,2,3,CHEMBL3710485,1,2.562270152286376e-17,1.2219438156855904,217,19,36,Cholesterol to Total Lipids in Small HDL percentage,6e-380,190,,,2026-08-14T01:04:06
ANXA1,A,P04083,101,Urate,-0.0608099366024065,0.00172833041819614,1,prot-c-4960_72_1,15,type 1 diabetes mellitus,0.517,14,0,,0,0,0,CHEMBL5724756,0,1.7774202949932835e-11,1.0635279036177363,21,16,17,Annexin A1 levels,1e-53,135,,,2026-08-14T01:04:26
ANXA2,A,P07355,119,Age at menarche,-0.0350515463917526,8.9e-05,1,prot-c-4961_17_1,8,benign urinary system neoplasm,0.486,8,0,,0,0,0,CHEMBL1764938,0,1.0920695290892561e-05,0.812164632347189,66,31,36,Annexin A2 levels,6e-987,69,,,2026-08-14T01:04:43
AOC1,A,P19801,117,Height,-0.023529412,5.4e-10,0,,15,Abnormality of the skeletal system,0.76,14,0,,0,0,0,CHEMBL2118,1,1.7312348758231646e-20,1.2632001962236992,114,145,215,Amiloride-sensitive amine oxidase [copper-containing] levels,5e-1179,204,,,2026-08-14T01:05:07
AP1G2,A,O75843,102,Diagnoses - main ICD10: C50 Malignant neoplasm of breast,0.226280085,0.004339549,0,,5,Tracheoesophageal fistula,0.426,5,0,,3,0,0,,,7.148585515655279e-26,1.0628278657757013,17,6,6,AP1G2 protein levels,6e-38,179,,,2026-08-14T01:05:21
AP4M1,A,O00189,207,Diagnoses - main ICD10: H25 Senile cataract,-0.0025600769668071,0.00229053863420377,0,,13,Severe intellectual disability and progressive spastic paraplegia,0.872,13,0,,13,0,0,,,8.203704412611999e-19,1.1559016047819615,98,9,8,Circulating PILRB levels,2e-302,627,,,2026-08-14T01:05:50
APCS,A,P02743,87,Non-cancer illness code  self-reported: muscle or soft tissue injuries,0.285852056358106,0.000917943949109189,1,prot-c-2474_54_5,6,splenic disorder,0.363,6,0,,0,0,0,CHEMBL4929,2,0.10951284884017912,2.5268861317201066,101,16,23,APCS protein levels,7e-144,46,,,2026-08-14T01:06:10
APMAP,A,Q9HDC9,102,Body mass index (BMI),0.0400111223458038,0.00108931839023414,0,,3,smoking initiation,0.439,3,0,,0,0,0,CHEMBL6067357,0,3.498535494579991e-09,1.0127990289807676,87,21,24,Serum levels of protein CST7,3e-171,116,,,2026-08-14T01:06:28
APOA1,A,P02647,69,Non-cancer illness code  self-reported: hypothyroidism or myxoedema,0.107133734,0.011790133,0,,25,"hypoalphalipoproteinemia, primary, 2",0.856,14,0,,12,0,0,CHEMBL5984,0,3.170827109419767e-07,1.2124345051863965,289,261,450,Phospholipids in small HDL,4e-419,427,2,,2026-08-14T01:07:02
APOA5,A,Q6Q788,93,Non-cancer illness code  self-reported: high cholesterol,-1.11068451052264,6.33087180172932e-23,0,,29,hyperlipoproteinemia type V,0.83,13,1,small intestine neoplasm,5,1,0,,,4.701002043772538e-08,1.1348260318220842,317,618,1554,Apolipoprotein A-V levels,1e-942,375,2,,2026-08-14T01:07:27
APOB,A,P04114,249,LDL cholesterol,-0.189581272667326,1.8442132500433e-54,1,prot-c-2797_56_2,30,"hypercholesterolemia, autosomal dominant, type B",0.909,14,6,Hypercholesterolemia,11,2,2,CHEMBL4549,0,1.797700045016197e-14,0.5570934086832257,187,1083,2576,Low density lipoprotein cholesterol levels,9e-971,5193,5,,2026-08-14T01:07:48
APOBEC3G,A,Q9HC16,106,Non-cancer illness code  self-reported: hiatus hernia,0.272857899,0.001115103,0,,2,inborn disorder of amino acid metabolism,0.386,2,0,,0,0,0,CHEMBL1741217,0,8.411206578316031e-14,1.1319592117456703,55,2,2,DNA dC->dU-editing enzyme APOBEC-3G levels,5e-43,58,,,2026-08-14T01:08:06
APOF,A,Q13790,87,Height,-0.143302181,6.36e-15,0,,5,psoriasis,0.268,4,0,,0,0,0,,,0.10533783434150966,2.608253565324573,54,,,,,55,,,2026-08-14T01:08:20
APOH,A,P02749,95,Height,-0.041666667,0.000492416,0,,15,atrial fibrillation,0.903,14,0,,0,0,0,,,1.3628975096799213e-19,1.5355286219010382,108,609,871,Metastasis-suppressor KiSS-1 levels,3e-1155,58,,,2026-08-14T01:08:35
APOL1,A,O14791,262,Haemoglobin concentration,-0.0315228089832428,0.000288597003183757,0,,29,focal segmental glomerulosclerosis,0.784,15,0,,7,0,0,CHEMBL4680021,0,3.446637570978434e-07,1.7098212429476505,71,53,86,Apolipoprotein L1 levels,1e-243,233,,,2026-08-14T01:08:53
ARFIP1,A,P53367,104,Height,0.0380753138075314,0.00744020957397783,0,,7,pneumoconiosis,0.425,7,0,,0,0,0,,,0.0001336133926713327,0.7950794116076534,31,24,31,Arfaptin-1 levels,5e-160,87,,,2026-08-14T01:09:09
ARHGAP1,A,Q07960,76,Systolic blood pressure  automated reading,0.047994491,0.001486614,0,,13,heart disorder,0.527,11,0,,1,0,0,,,0.054752049504067465,0.6248100556269581,89,34,37,Monounsaturated fatty acids to total fatty acids percentage,1e-27,102,,,2026-08-14T01:09:23
ARHGEF10,A,O15013,93,Amyotrophic lateral sclerosis,0.170786516853933,0.0247857446685515,0,,8,autosomal dominant slowed nerve conduction velocity,0.585,8,0,,2,0,0,,,1.9213909883830975e-45,1.0926988476821133,66,30,22,Rho guanine nucleotide exchange factor 10 levels,4e-37,1269,,,2026-08-14T01:09:37
ART3,A,Q13508,88,Diagnoses - main ICD10: I30 Acute pericarditis,0.724334308245068,0.00417698877141995,0,,5,type 2 diabetes mellitus,0.489,3,0,,0,0,0,,,2.4616623699258526e-17,1.281149160182874,125,51,83,C-X-C motif chemokine 11 levels,8e-389,160,,,2026-08-14T01:09:53
ART4,A,Q93070,111,Heel bone mineral density (BMD) T-score  automated,-0.0212866216216216,8.89888327262771e-07,0,,12,"osteoarthritis, knee",0.63,10,0,,0,0,0,,,0.003107424485713392,0.9035084507519738,48,5,5,Ecto-ADP-ribosyltransferase 4 levels,9e-1651,89,,,2026-08-14T01:10:06
ASAH2;ASAH2B,A,,20,Ovarian cancer,-0.0620105026256564,0.0140597259094907,0,,0,,,0,0,,0,0,0,CHEMBL2021754,0,,,,80,127,Circulating ASAH2 levels,1e-1649,,,,2026-08-14T01:10:21
ASIP,A,P42127,97,Weight,-0.031582187,2.44e-17,0,,23,oculocutaneous albinism type 6,0.547,12,0,,2,0,0,,,7.427518552458383e-05,1.775284075165139,69,51,50,AHCY/FADD protein level ratio,4e-477,47,,,2026-08-14T01:10:34
ASMTL,A,O95671,13,Amyotrophic lateral sclerosis,-0.354011194029851,0.00156420735609764,0,,2,Abnormality of prenatal development or birth,0.051,2,0,,1,0,0,,,7.914753434459836e-19,1.1788137796495881,11,1,3,N-acetylserotonin O-methyltransferase-like protein levels,1e-136,312,,,2026-08-14T01:10:49
ASPH,A,Q12797,89,Diagnoses - main ICD10: M23 Internal derangement of knee,0.18560722633803,0.00577622586706737,0,,24,facial dysmorphism-lens dislocation-anterior segment abnormalities-spontaneous filtering blebs syndrome,0.829,14,0,,4,0,0,CHEMBL4680030,0,9.53841548036658e-29,0.9975590349159175,37,13,8,Serum levels of protein ASPH,5e-24,346,1,,2026-08-14T01:11:07
ASPN,A,Q9BXN1,111,Height,0.0508044030482642,9.79146744902745e-15,0,,4,obstructive sleep apnea syndrome,0.205,4,0,,0,0,0,,,3.7538774039555057e-11,1.2005021392702162,64,11,12,COL6A3/OGN protein level ratio,2e-3781,72,,,2026-08-14T01:11:22
ATF6,A,P18850,73,Eczema,0.251967481065862,0.00640879049444152,0,,13,achromatopsia,0.845,13,0,,8,0,0,CHEMBL4105716,0,3.956278080414162e-11,0.7967906097910205,162,37,79,Circulating FCRLB levels,4e-272,542,,,2026-08-14T01:11:44
ATP1B2,A,P14415,113,Non-cancer illness code  self-reported: hypertension,-0.0497460465249227,0.00104643713943522,0,,12,atrial fibrillation,0.29,10,0,,0,0,0,CHEMBL6066561,0,0.9621637237790563,0.5212430720484384,199,92,147,Sex hormone-binding globulin levels,3e-805,77,,,2026-08-14T01:12:09
ATP2A3,A,Q93084,125,HDL cholesterol,0.230013398838767,3.10294760594803e-17,0,,18,diabetes mellitus,0.698,11,0,,0,0,0,CHEMBL2401,0,2.336409650649405e-10,0.7065588508916941,67,10,9,Type 2 diabetes,2e-27,247,,,2026-08-14T01:12:30
ATP4B,A,P51164,95,Red blood cell count,0.0397953382603752,0.00146353664478518,0,,0,,,0,0,,0,0,0,CHEMBL2095173,13,8.771136782987058e-08,1.0540647353951527,26,4,5,Circulating AXL levels,2e-16,191,,,2026-08-14T01:12:47
AZU1,A,P20160,107,Heel bone mineral density (BMD) T-score  automated,0.101384259,2.28e-10,1,prot-c-2751_16_2,5,low tension glaucoma,0.278,5,0,,0,0,0,,,7.496780748935608e-09,1.7020827328030264,126,38,62,MPO/PRTN3 protein level ratio,3e-939,100,,,2026-08-14T01:13:04
B2M,A,P61769,136,Non-cancer illness code  self-reported: hypothyroidism or myxoedema,0.982925089011779,4.18603669881426e-191,1,prot-c-3485_28_2,7,Immunodeficiency by defective expression of HLA class 1,0.778,7,0,,7,0,0,CHEMBL1741302,0,0.9475481329578734,0.5344540987319212,19,,,,,118,,,2026-08-14T01:13:22
B3GALT6,A,Q96L58,105,Diagnoses - main ICD10: K35 Acute appendicitis,0.452640396,0.001361393,0,,15,"spondyloepimetaphyseal dysplasia with joint laxity, type 1, with or without fractures",0.904,12,0,,7,0,0,,,5.347132195404844e-11,1.5984679517759595,51,,,,,573,,,2026-08-14T01:13:40
B3GALTL,A,Q6Y288,118,Heel bone mineral density (BMD) T-score  automated,-0.058240647,1.24e-05,0,,28,Peters plus syndrome,0.848,15,0,,3,0,0,,,,,1,,,,,,,,2026-08-14T01:13:51
B3GAT3,A,O94766,93,Forced expiratory volume in 1-second (FEV1),-0.0249701492537313,9.36230179002999e-07,0,,4,"Larsen-like syndrome, B3GAT3 type",0.887,4,0,,2,0,0,CHEMBL3958,0,0.0005748378854598053,0.8423194881155293,85,7,9,Apolipoprotein A-II levels,6e-251,325,,,2026-08-14T01:14:11
B3GNT2,A,Q9NY97,118,Height,0.0598404255319149,3.04740777814349e-18,0,,25,hypothyroidism,0.709,11,0,,0,0,0,CHEMBL5465363,0,0.16507455176007194,0.705023734853323,61,24,27,Red blood cell count,4e-29,73,,,2026-08-14T01:14:29
B3GNT8,A,Q67FW5,124,Height,-0.037634409,1.03e-20,0,,5,androgenetic alopecia,0.26,5,0,,0,0,0,,,,,104,22,32,"UDP-GlcNAc:betaGal beta-1,3-N-acetylglucosaminyltransferase 8 levels",9e-726,110,,,2026-08-14T01:14:48
B4GALT1,A,P15291,207,LDL cholesterol,0.0423761391111932,4.3969879641188e-05,0,,9,B4GALT1-congenital disorder of glycosylation,0.744,9,0,,3,0,0,CHEMBL4384,0,0.053723103318038395,0.6961915335785734,114,170,251,Circulating B4GALT1 levels,3e-216,239,,,2026-08-14T01:15:08
B4GALT2,A,O60909,81,Diagnoses - main ICD10: R10 Abdominal and pelvic pain,0.0828408772518396,0.0199871649334705,0,,1,intelligence,0.135,1,0,,0,0,0,,,0.002037177291296214,0.8046813667503909,54,5,5,"Beta-1,4-galactosyltransferase 2 levels",5e-138,83,1,,2026-08-14T01:15:24
B4GALT6,A,Q9UBX8,69,Pallidum volume,14.28740157,0.000698466,0,,2,osteoarthritis,0.13,2,0,,0,0,0,,,0.9948732656430986,0.47281349038858944,37,17,13,"Beta-1,4-galactosyltransferase 6 levels",9e-231,100,,,2026-08-14T01:15:39
B4GAT1,A,O43505,15,Amyotrophic lateral sclerosis,0.195894959251434,0.00331776628716898,0,,9,"muscular dystrophy-dystroglycanopathy (congenital with brain and eye anomalies), type A13",0.801,9,0,,6,0,0,,,0.005141088291091731,0.7620767165717235,70,26,11,Circulating B4GAT1 levels,1e-394,267,,,2026-08-14T01:15:53
BCAN,A,Q96GW7,111,Diagnoses - main ICD10: S76 Injury of muscle and tendon at hip and thigh level,1.008504357,0.00018614,1,prot-c-3461_58_1,4,chronic hepatitis,0.271,4,0,,2,0,0,,,3.693850966469987e-08,0.6969296861669114,72,28,36,Circulating BCAN levels,4e-298,173,,,2026-08-14T01:16:07
BCAR3,A,O75815,112,Myocardial infarction,-0.122334790755778,0.000476235572897054,1,prot-c-5262_57_3,8,hair color,0.656,8,0,,0,0,0,,,0.002239275109442865,0.6079907693106902,52,46,47,Estimated glomerular filtration rate (creatinine),1e-19,175,,,2026-08-14T01:16:24
BCHE,A,P06276,170,LDL cholesterol,0.0987179487179487,3.15248342041657e-05,0,,19,butyrylcholinesterase deficiency,0.945,15,0,,2,0,0,CHEMBL1914,1,7.554666770002949e-16,1.1904081336438848,110,340,349,Butyrylcholinesterase levels,6e-262,258,14,,2026-08-14T01:16:42
BCL10,A,O95999,72,Non-cancer illness code  self-reported: hypopituitarism,1.23277660651493,4.09146529035724e-10,0,,4,immunodeficiency 37,0.861,4,0,,3,0,0,CHEMBL6067439,0,0.9432447077010373,0.5462126708195334,62,47,67,Circulating DDAH1 levels,6e-132,166,,,2026-08-14T01:17:00
BGLAP,A,P02818,117,Pulse rate,-0.0637355769230769,0.00251871468674366,0,,15,kidney failure,0.523,13,0,,0,0,0,,,2.6258070370337817e-06,1.684395081230125,103,51,51,Mosaic loss of chromosome Y (Y chromosome dosage),3e-88,50,,,2026-08-14T01:17:18
BMP6,A,P22004,93,Diagnoses - main ICD10: D12 Benign neoplasm of colon  rectum  anus and anal canal,0.374245545327949,3.89891483392072e-06,1,prot-c-3736_60_3,24,Tangier disease,0.919,10,0,,2,0,0,CHEMBL3286078,0,0.9958663605005624,0.47133995212486673,123,107,201,Height,1e-300,169,,,2026-08-14T01:17:37
BOC,A,Q9BWV1,93,Height,-0.070539419,7.69e-06,1,prot-c-4328_2_2,19,benign colon neoplasm,0.641,12,0,,1,0,0,,,3.092037420413154e-17,0.821312138974493,70,37,67,Circulating BOC levels (id: OID00386_OID20116),1e-218,266,,,2026-08-14T01:17:51
BPI,A,P17213,97,Endometrioid ovarian cancer,-0.141728739913097,0.0345886103268066,1,prot-c-4126_22_1,4,retinal degeneration,0.463,4,0,,0,0,0,,,3.360462794647125e-14,1.0608383861641117,107,27,50,Bactericidal permeability-increasing protein levels,5e-231,109,,,2026-08-14T01:18:08
BPIFA2,A,Q96DR5,51,Non-cancer illness code  self-reported: mania or bipolar disorder or manic depression,0.668728543,0.000197228,0,,4,skin cancer,0.459,4,0,,0,0,0,,,3.6396176724641232e-06,1.1322187241242507,58,16,20,Hair color,1e-300,62,,,2026-08-14T01:18:22
BPIFB1,A,Q8TDL5,80,ER-positive Breast cancer (Combined Oncoarray; iCOGS; GWAS meta analysis),-0.0458085203847916,0.0103442972029981,0,,3,poisoning,0.459,3,0,,0,0,0,,,3.4918481537834225e-07,0.8212413111551153,51,9,13,BPIFB1 protein levels,5e-281,90,,,2026-08-14T01:18:35
BST1,A,Q10588,79,Diagnoses - main ICD10: N20 Calculus of kidney and ureter,-0.116389984404468,0.000241252940645085,1,prot-c-4535_50_2,9,Parkinson disease,0.853,8,2,cataract,0,2,0,CHEMBL5169147,0,5.702221730080207e-20,1.529586664871344,108,36,77,Circulating BST1 levels,3e-5695,132,1,,2026-08-14T01:18:57
BTD,A,P43251,76,Diagnoses - main ICD10: N92 Excessive  frequent and irregular menstruation,-0.083386143,0.00203791,0,,10,biotinidase deficiency,0.918,10,0,,8,0,0,CHEMBL4802066,0,0.00036639375631557534,1.1691735288476492,97,52,66,Biotinidase levels,4e-682,995,,,2026-08-14T01:19:16
BTNL8,A,Q6UX41,102,Eye problems or disorders: Injury or trauma resulting in loss of vision,0.300823522,0.000569464,0,,2,enteritis,0.267,2,0,,0,0,0,,,6.424578999560263e-05,0.8705532435196935,39,22,20,Butyrophilin-like protein 8 levels,2e-60,125,,,2026-08-14T01:19:30
C10orf10,A,Q9NTK1,17,Amyotrophic lateral sclerosis,0.0552928024765672,0.0133955306539502,0,,9,placental abruption,0.076,9,0,,0,0,0,,,,,1,,,,,,,,2026-08-14T01:19:41
C17orf78,A,Q8N4C9,77,Non-cancer illness code  self-reported: enlarged prostate,0.247543239833172,0.00073268150244446,0,,6,Abnormality of the skeletal system,0.232,6,0,,0,0,0,,,1.2773696822082035e-08,1.1718076614012483,32,1,0,Retinal nerve fibre layer (RNFL) thickness,9e-7,158,,,2026-08-14T01:19:55
C1QC,A,P02747,153,Platelet count,5.73659231134314,0.0097875994146972,0,,7,immunodeficiency due to a classical component pathway complement deficiency,0.608,7,0,,4,0,0,,,0.05756775615875562,1.552769867038766,51,5,7,Complement C1q subcomponent subunit C levels,3e-81,191,,,2026-08-14T01:20:09
C1QL1,A,O75973,116,Systolic blood pressure  automated reading,0.037737276,1.91e-05,0,,4,anxiety disorder,0.31,4,0,,0,0,0,,,3.6089699373220582e-06,1.6247545402432635,74,4,2,C1q-related factor levels,6e-68,56,,,2026-08-14T01:20:23
C1QTNF1,A,Q9BXJ1,182,Age at menarche,-0.0721604168570212,0.00120361054957025,0,,0,,,0,0,,0,0,0,,,9.111045358687998e-07,1.1289439129034293,59,11,20,C1QTNF1 protein levels,1e-300,78,,,2026-08-14T01:20:37
C1QTNF3,A,Q9BXJ4,93,Depressive symptoms,-0.073891626,0.002699796,0,,3,Abnormality of the skeletal system,0.555,3,0,,0,0,0,,,7.462507243025854e-08,1.1052569424157535,85,18,19,Complement C1q tumor necrosis factor-related protein 3 levels,2e-86,76,,,2026-08-14T01:20:52
C1QTNF5,A,Q9BXJ0,320,Crohn's disease,-0.611550324675325,7.15483098275586e-36,0,,7,late-onset retinal degeneration,0.789,7,0,,6,0,0,,,0.1945985871640032,0.9663109715212221,71,2,2,C1QTNF5 protein levels,4e-68,963,,,2026-08-14T01:21:11
C1RL,A,Q9NZP8,56,Myocardial infarction,0.153464444,0.00054084,0,,1,coronary artery disorder,0.125,1,0,,0,0,0,,,1.279760987866082e-09,1.3330766844072488,102,39,51,Complement C1r subcomponent-like protein levels,7e-333,153,,,2026-08-14T01:21:33
C1S,A,P09871,106,Systolic blood pressure  automated reading,-0.0161256943132439,0.000733455386166011,1,prot-c-3590_8_3,8,"Ehlers-Danlos syndrome, periodontal type 2",0.815,8,0,,5,0,0,CHEMBL3913,2,7.872064384917259e-06,0.7750239419313107,120,100,141,Complement C1s subcomponent levels,3e-901,772,,,2026-08-14T01:21:56
C3,A,P01024,98,Diagnoses - main ICD10: I80 Phlebitis and thrombophlebitis,0.400953299,0.000227434,6,prot-c-2683_1_2;prot-c-2754_50_2;prot-c-2755_8_2;prot-c-4480_59_2;prot-c-4875_73_1;prot-c-4900_8_1,26,atypical hemolytic-uremic syndrome with C3 anomaly,0.921,15,0,,14,0,0,,,1.1966131523229445e-07,0.5524355512608452,102,81,128,ER membrane protein complex subunit 4 levels,5e-947,1890,1,chembl,2026-08-14T01:22:12
C4BPA,A,P04003,113,Rheumatoid arthritis,0.157712467,0.001545099,0,,4,venous thromboembolism,0.637,4,0,,0,0,0,,,0.0010224040054052405,0.6564421285302169,80,45,60,C4b-binding protein alpha chain levels,1e-151,122,,,2026-08-14T01:22:26
C5,A,P01031,106,Diagnoses - main ICD10: C50 Malignant neoplasm of breast,0.302607199,0.000126769,3,prot-c-2381_52_4;prot-c-2851_63_3;prot-c-4482_66_2,7,Immunodeficiency due to a late component of complements deficiency,0.841,7,0,,3,0,0,,,3.4066864818237175e-28,0.7362694859798824,89,27,32,Complement C5 levels,1e-74,951,1,chembl,2026-08-14T01:22:40
C6orf89,A,Q6UWU4,77,Alcohol intake frequency,-0.0358811717022844,0.0237745325086223,0,,7,"pontocerebellar hypoplasia, type 14",0.438,6,0,,2,0,0,,,1.1592499902859259e-07,0.9717542445393081,73,13,8,PI16 protein levels,3e-58,39,,,2026-08-14T01:22:57
C7,A,P10643,99,Years of schooling,0.0323101777059774,0.000465258158071049,1,prot-c-2888_49_2,10,Immunodeficiency due to a late component of complements deficiency,0.882,10,0,,3,0,0,,,1.5007655800227792e-22,0.950962510280696,59,163,210,Complement component C7 levels,3e-213,720,,chembl,2026-08-14T01:23:11
C8A;C8B;C8G,A,,95,Non-cancer illness code  self-reported: polio  or  poliomyelitis,0.612514990055751,0.00150468170036736,0,,0,,,0,0,,0,0,0,,,,,,59,139,Semenogelin-1 levels,6e-593,,,,2026-08-14T01:23:25
C8orf33,A,Q9H7E9,110,Diagnoses - main ICD10: N20 Calculus of kidney and ureter,0.297252077686082,0.00534966677998541,0,,3,ulcerative colitis,0.371,2,0,,0,0,0,,,6.71285337009186e-11,1.4948187461315514,5,,,,,75,,,2026-08-14T01:23:38
C9,A,P02748,99,Non-cancer illness code  self-reported: muscle or soft tissue injuries,0.419128036,0.004204587,1,prot-c-3060_43_2,21,Immunodeficiency due to a late component of complements deficiency,0.826,14,0,,4,0,0,,,4.168873818666131e-21,1.1880169738694981,104,35,49,C9 protein levels,5e-52,459,,chembl,2026-08-14T01:23:54
CA1,A,P00915,116,Fractured bone site(s): Other bones,0.181049236,0.002713969,1,prot-c-4969_2_1,0,,,0,0,,0,0,0,CHEMBL261,6,2.1625837060372965e-09,1.294370594549125,57,38,60,Circulating CA13 levels,5e-637,80,,,2026-08-14T01:24:12
CA10,A,Q9NS85,67,Non-cancer illness code  self-reported: gout,0.225550563574173,0.00362943163211874,1,prot-c-3289_19_2,29,insomnia,0.721,15,0,,0,0,0,,,0.98566295123865,0.4950523297278059,120,88,113,Carbonic anhydrase-related protein 10 levels,1e-59,57,1,,2026-08-14T01:24:28
CA13,A,Q8N1Q1,77,Sleep duration,-0.0146070420642387,0.00355181600151981,1,prot-c-3420_21_2,2,Genu valgum,0.376,2,0,,0,0,0,CHEMBL3912,0,2.2108723168067942e-05,0.9589157661105844,40,21,24,CA13/PPIB protein level ratio,4e-2106,88,,,2026-08-14T01:24:47
CA3,A,P07451,92,Diagnoses - main ICD10: R11 Nausea and vomiting,0.45148964583667,0.000769123551273744,1,prot-c-3799_11_2,1,essential tremor,0.386,1,0,,0,0,0,CHEMBL2885,0,2.279519940770087e-09,1.1411995268370654,57,23,29,CA1/CA3 protein level ratio,9e-287,66,,,2026-08-14T01:25:05
CA5A,A,P35218,82,Body mass index (BMI),0.0317770929162833,0.00907397784856633,0,,18,hyperammonemic encephalopathy due to carbonic anhydrase VA deficiency,0.82,15,0,,2,0,0,CHEMBL4789,0,6.4600217129679e-08,1.0336570240812086,125,25,34,Circulating CA5A levels,3e-3386,315,,,2026-08-14T01:25:25
CA6,A,P23280,64,ER-negative Breast cancer (Combined Oncoarray; iCOGS; GWAS meta analysis),-0.0546851906591782,0.00540325502821156,1,prot-c-3352_80_3,6,duodenal ulcer,0.495,6,0,,0,0,0,CHEMBL3025,0,3.3363369297901045e-08,1.0698440540699896,78,25,56,Circulating CA6 levels,4e-2892,106,,,2026-08-14T01:25:46
CA8,A,P35219,91,Diagnoses - main ICD10: I83 Varicose veins of lower extremities,0.269686601,0.000110457,0,,26,Dysequilibrium syndrome,0.779,13,0,,4,0,0,,,0.0009288212111144462,0.7584699217742438,31,14,13,Carbonic anhydrase-related protein levels,7e-105,130,,,2026-08-14T01:26:04
CACNA2D3,A,Q8IZS8,198,Forced expiratory volume in 1-second (FEV1),0.0305403004436388,0.000123701505467802,0,,6,mathematical ability,0.707,6,0,,0,0,0,CHEMBL2363032,9,0.9971811141069769,0.4632161551801308,118,123,112,Height,1e-68,308,,,2026-08-14T01:26:25
CALB1,A,P05937,92,Alcohol intake frequency,-0.0194541460735859,0.00514299676965767,0,,13,cutaneous melanoma,0.471,13,0,,0,0,0,,,0.9529747107449363,0.5205926952798746,48,22,29,CALB1 protein levels,1e-83,62,,,2026-08-14T01:26:39
CALCOCO2,A,Q13137,128,Height,0.084210526,9.52e-05,0,,13,Abnormality of the skeletal system,0.622,11,0,,0,0,0,CHEMBL6066361,0,7.441149884659059e-10,0.8696402064773731,99,20,22,Height,7e-95,81,,,2026-08-14T01:26:57
CANX,A,P27824,52,Ulcerative colitis,-0.158416453537937,0.018683355444304,0,,2,Alzheimer disease,0.206,2,0,,0,0,0,CHEMBL2719,0,0.9999999977707701,0.28929154371366816,65,16,25,"monocyte (fraction, mean, inv-norm transformed)",2e-32,164,,,2026-08-14T01:27:15
CAPG,A,Q9BPX3,84,Hearing difficulty or problems: Yes,-0.054446111,0.000117564,1,prot-c-4968_50_1,2,Sensorineural hearing impairment,0.584,2,0,,0,0,0,CHEMBL6066906,0,2.042983397953998e-08,0.9641647245711903,111,13,37,AMBP/CAPG protein level ratio,2e-4277,89,1,,2026-08-14T01:27:36
CAPN1;CAPNS1,A,,117,Pulse rate,0.0478542801132651,9.26884710272459e-06,0,,0,,,0,0,,0,0,0,CHEMBL2111357,0,,,,14,12,Uric acid levels,3e-61,,,,2026-08-14T01:27:52
CASP3,A,P42574,100,Systemic lupus erythematosus,-0.518788497952054,0.00339246719048432,1,prot-c-3593_72_3,4,Kawasaki disease,0.542,4,0,,1,0,0,CHEMBL2334,0,0.00801185539399932,0.8088158711637774,25,5,5,CASP3/SERPINB9 protein level ratio,7e-113,146,,,2026-08-14T01:28:12
CAT,A,P04040,99,Diagnoses - main ICD10: C61 Malignant neoplasm of prostate,0.151893110626876,0.0112973073886287,1,prot-c-3488_64_2,7,acatalasia,0.75,7,0,,2,0,0,CHEMBL3627594,0,3.788792107799135e-11,0.9398816080643342,68,8,14,CAT protein levels,7e-117,113,2,,2026-08-14T01:28:39
CBLN1,A,P23435,82,Non-cancer illness code  self-reported: arthritis (nos),0.1236309625083,0.00021079594960884,0,,14,alcohol drinking,0.591,12,0,,0,0,0,,,0.753621090978907,0.6623091613213575,25,12,6,GLIPR1 protein levels,9e-12,41,,,2026-08-14T01:28:59
CBLN4,A,Q9NTU7,117,Weight,0.0654000918695452,1.04642905657408e-07,0,,17,Abnormality of the skeletal system,0.65,15,0,,0,0,0,,,0.13919253912185495,0.8797619304550895,117,61,66,Bone mineral density mean,1e-300,29,,,2026-08-14T01:29:15
CBR1,A,P16152,75,Fractured bone site(s): Wrist,-0.232597951331542,0.000438562975692458,0,,12,mitral valve prolapse,0.309,12,0,,0,0,0,CHEMBL5586,0,9.352836361222101e-05,1.7118443103604501,47,3,2,Height,7e-24,131,4,,2026-08-14T01:29:35
CBR3,A,O75828,127,Schizophrenia,-0.0502658001085669,0.000426341252977791,0,,9,prostate carcinoma,0.561,9,0,,0,0,0,CHEMBL6008,0,2.778391839911027e-06,1.8815055573067858,53,21,27,Carbonyl reductase [NADPH] 3 levels,4e-387,127,4,,2026-08-14T01:29:54
CCDC126,A,Q96EE4,111,Diagnoses - main ICD10: R07 Pain in throat and chest,0.124273284000883,0.000333166971587091,0,,7,alcohol drinking,0.361,5,0,,0,0,0,,,0.26578803580162563,0.9012295903700162,48,15,14,Coiled-coil domain-containing protein 126 levels,1e-140,68,,,2026-08-14T01:30:08
CCL1,A,P22362,119,Childhood intelligence,-0.147588192944564,0.00257228563805809,1,prot-c-2770_51_2,1,alcohol drinking,0.093,1,0,,0,0,0,,,0.00020950579532648568,2.092530648523032,95,15,16,Circulating CCL13 levels (id: OID00504_OID20655),2e-334,21,,,2026-08-14T01:30:24
CCL11,A,P51671,4,Percent emphysema,-0.15800960279354,0.0892192697567374,1,prot-c-5301_7_3,9,inflammatory bowel disease,0.471,9,0,,0,0,0,CHEMBL3286077,1,0.002677551976461712,1.8064924643150273,104,18,26,CCL13/CCL8 protein level ratio,9e-495,41,1,,2026-08-14T01:30:42
CCL14,A,Q16627,163,Melanoma,0.233820273452853,0.0216549814138087,1,prot-c-2900_53_3,1,Raynaud disease,0.035,1,0,,0,0,0,,,0.001220049629153768,1.7600955526534818,151,61,132,Circulating CCL15 levels,2e-5134,26,,,2026-08-14T01:30:59
CCL15,A,Q16663,113,Subjective well being,-0.0124172185430464,0.00269979606326019,1,prot-c-3509_1_1,0,,,0,0,,0,0,0,,,0.004695559518161691,1.361679098856064,165,61,130,Circulating CCL15 levels,2e-5134,25,,,2026-08-14T01:31:16
CCL16,A,O15467,79,Non-cancer illness code  self-reported: hypopituitarism,0.32338539501721,0.00286405310648597,1,prot-c-4913_78_1,1,Raynaud disease,0.042,1,0,,0,0,0,,,0.0113131133582051,1.5723175732616739,156,36,55,Circulating CCL16 levels,9e-5290,33,,,2026-08-14T01:31:35
CCL17,A,Q92583,195,Rheumatoid arthritis,0.101526637660711,0.00851045064926917,1,prot-c-3519_3_2,2,cardiomyopathy,0.36,0,0,,0,0,0,CHEMBL4295915,0,0.0007488298973336557,1.9580475086867808,67,17,26,Circulating CCL17 levels (id: OID00439_OID20745),2e-450,49,,,2026-08-14T01:31:54
CCL18,A,P55774,94,Diagnoses - main ICD10: G47 Sleep disorders,-0.181485795357853,0.0107907683065475,1,prot-c-3044_3_2,0,,,0,0,,0,0,0,,,0.004068217556330041,1.6408798729848595,167,43,85,Circulating CCL18 levels,9e-1471,27,,pharmgkb,2026-08-14T01:32:48
CCL2,A,P13500,83,Non-cancer illness code  self-reported: hypothyroidism or myxoedema,0.193523705522227,0.000561503333864472,1,prot-c-2578_67_2,25,Crohn disease,0.592,10,0,,0,0,0,CHEMBL1649052,1,0.5368457746738382,0.9437759392698968,101,39,69,Circulating CCL8 levels (id: OID00549_OID21466),1e-346,30,,pharmgkb,2026-08-14T01:33:40
CCL21,A,O00585,121,Total cholesterol,0.0645586297760211,6.97618998775517e-07,1,prot-c-2516_57_3,8,rheumatoid arthritis,0.809,7,0,,0,0,0,,,0.0006618263990261783,1.1847450182960622,59,23,31,CCL27 protein levels,1e-67,103,,pharmgkb,2026-08-14T01:34:25
CCL22,A,O00626,75,Non-cancer illness code  self-reported: high cholesterol,0.22243200719309,2.20019552759715e-26,1,prot-c-3508_78_3,3,systemic lupus erythematosus,0.65,3,0,,0,0,0,CHEMBL4295649,0,0.0032678136710286867,1.7240960894200805,77,22,24,CCL17/PDGFB protein level ratio,9e-164,48,,pharmgkb,2026-08-14T01:35:12
CCL23,A,P55773,91,Non-cancer illness code  self-reported: bladder problem (not cancer),0.167817752623991,0.00207633553039569,2,prot-c-2913_1_2;prot-c-3028_36_2,3,septic shock,0.255,3,0,,0,0,0,,,0.000708372964293276,1.432219291088989,171,61,139,Circulating CCL18 levels,9e-1471,43,,pharmgkb,2026-08-14T01:36:00
CCL25,A,O15444,174,Height,-0.082815734989648,9.64260673022826e-08,1,prot-c-2705_5_2,1,vision disorder,0.057,1,0,,0,0,0,,,0.00032917639202346234,1.1020806953821936,71,13,35,Circulating CCL25 levels,5e-3726,26,,pharmgkb,2026-08-14T01:36:48
CCL27,A,Q9Y4X3,109,Serum creatinine (eGFRcrea),-0.013084112,0.005110261,1,prot-c-2192_63_10,0,,,0,0,,0,0,0,,,0.000906692445648103,1.8760263306310396,59,9,9,Circulating CCL27 levels,2e-98,98,,,2026-08-14T01:37:02
CCL28,A,Q9NRJ3,171,Diagnoses - main ICD10: K43 Ventral hernia,0.310155976215146,0.000255612665932868,1,prot-c-2890_59_2,1,mathematical ability,0.172,1,0,,0,0,0,,,0.10515559059460473,1.287955090284332,46,22,21,Circulating CCL28 levels,7e-27,47,,,2026-08-14T01:37:15
CCL3,A,P10147,90,Neo-openness to experience,-0.412793952967525,0.00566760953600901,1,prot-c-3040_59_1,0,,,0,0,,0,0,0,,,0.015433771025611435,1.46162135714203,137,23,28,Circulating CCL3 levels (id: OID00532_OID20610),1e-972,34,,,2026-08-14T01:37:32
CCL3L1,A,P16619,94,Neo-openness to experience,-0.613104838709677,0.00408429318701759,1,prot-c-2783_18_2,0,,,0,0,,0,0,0,,,,,,,,,,35,,,2026-08-14T01:37:46
CCL4,A,P13236,171,Ulcerative colitis,0.17865829846583,2.70500329776717e-05,0,,0,,,0,0,,0,0,0,,,0.00409512638845447,1.3946593150926838,113,21,23,CCL3/CCL4 protein level ratio,7e-1388,41,,,2026-08-14T01:38:03
CCL4L1,A,Q8NHW4,99,Fractured bone site(s): Ankle,0.267400998,0.000541096,1,prot-c-2781_63_2,1,multiple sclerosis,0.033,0,0,,0,0,0,,,,,,,,,,30,,,2026-08-14T01:38:16
CCL5,A,P13501,114,Neo-agreeableness,-0.810584152689416,0.000611075326664409,1,prot-c-2523_31_3,1,poisoning,0.261,1,0,,0,0,0,CHEMBL1275217,0,0.08478769728014506,1.1627390716849393,84,10,11,Circulating CCL5 levels,6e-179,28,,,2026-08-14T01:38:34
CCL7,A,P80098,111,Crohn's disease,0.0511140342102631,0.002389430166171,1,prot-c-4886_3_1,14,Crohn disease,0.447,11,0,,0,0,0,CHEMBL3217391,0,0.0006236950560862597,2.0425396419099053,100,14,26,Circulating CCL7 levels (id: OID00474_OID20523),2e-42,27,,,2026-08-14T01:39:20
CCL8,A,P80075,109,Crohn's disease,0.10862818877551,0.002389430166171,1,prot-c-2785_15_2,4,alcohol drinking,0.198,2,0,,0,0,0,,,0.2423728933055176,1.172784144564778,87,40,76,Circulating CCL8 levels (id: OID00549_OID21466),1e-5501,38,,,2026-08-14T01:39:35
CCNH,A,P51946,113,Large vessel disease,-0.665549036043588,7.18726318057077e-05,0,,23,capillary malformation-arteriovenous malformation 1,0.933,15,0,,9,0,0,CHEMBL2165,0,1.7668433211871454e-08,0.9992004912068203,26,7,5,Height,7e-32,1486,,,2026-08-14T01:39:52
CD109,A,Q6YHK3,118,Heel bone mineral density (BMD) T-score  automated,-0.0553444283646888,1.79772669835718e-13,1,prot-c-3290_50_2,29,uterine corpus leiomyoma,0.806,14,0,,3,0,0,,,2.543870127793524e-45,1.0294332013042664,104,52,135,Circulating CD109 levels,4e-3715,298,,,2026-08-14T01:40:07
CD14,A,P08571,205,Systolic blood pressure  automated reading,-0.0216440002447943,0.00334690409853931,0,,2,gout,0.249,2,0,,0,0,0,CHEMBL2384897,2,0.008517694052021338,3.7205147730344232,72,27,43,Soluble CD14 levels,7e-124,74,1,,2026-08-14T01:40:25
CD163,A,Q86VB7,65,Non-cancer illness code  self-reported: osteoporosis,0.148349756060933,0.0196823395765055,1,prot-c-5028_59_1,6,adolescent idiopathic scoliosis,0.416,6,0,,1,0,0,,,4.002976558404092e-07,0.6101969811521887,117,105,176,Creatine kinase levels,1e-337,197,,,2026-08-14T01:40:39
CD177,A,Q8N6Q3,75,Non-cancer illness code  self-reported: diverticular disease or diverticulitis,0.133393346563461,0.0034890543231876,0,,0,,,0,0,,0,0,0,,,2.021366326352123e-15,1.3947675032325273,129,15,36,Circulating CD177 levels,9e-265,111,,,2026-08-14T01:40:55
CD200R1,A,Q8TD46,106,Non-cancer illness code  self-reported: asthma,0.149509672849323,8.50567402431238e-06,1,prot-c-5103_30_3,8,asthma,0.667,6,0,,0,0,0,,,8.664477439115327e-09,1.0677801894958938,50,22,34,Circulating CD200R1 levels,4e-3173,89,,,2026-08-14T01:41:06
CD274,A,Q9NZQ7,102,Non-cancer illness code  self-reported: hypothyroidism or myxoedema,0.14435992,2.47e-05,1,prot-c-5060_62_3,2,neoplasm,0.195,0,0,,1,0,0,CHEMBL3580522,13,0.9894387413172834,0.47988349883170694,96,22,55,Circulating CD274 levels (id: OID00799_OID20966),4e-501,196,,,2026-08-14T01:41:22
CD300A,A,Q9UGN4,107,Diastolic blood pressure  automated reading,-0.019938598,0.004785853,0,,2,injury,0.432,1,0,,0,0,0,,,1.8116842628433948e-05,0.9355412601113303,71,29,47,Circulating CD300C levels,2e-1141,84,,,2026-08-14T01:41:34
CD300C,A,Q08708,168,Coronary heart disease,-0.0837729672148401,2.44224748546114e-05,1,prot-c-5066_134_3,1,diabetes mellitus,0.207,1,0,,0,0,0,,,0.006570464015338226,0.9891540081965691,81,8,5,Cerebrospinal fluid protein CD300C levels,3e-253,77,,,2026-08-14T01:41:47
CD300E,A,Q496F6,108,Triglycerides,-0.051111111,0.004040275,0,,3,chondrocalcinosis,0.337,3,0,,0,0,0,,,0.0005718411022968689,1.046402044166611,90,5,7,CD300E protein levels,2e-230,50,,,2026-08-14T01:41:59
CD33,A,P20138,113,Alzheimer's disease,0.100148368,6.66e-08,1,prot-c-3166_92_1,3,Alzheimer disease,0.724,3,0,,0,0,0,CHEMBL1842,6,1.333616199841003e-07,1.1136078857702234,142,105,189,Circulating CD33 levels,2e-9500,89,1,,2026-08-14T01:42:18
CD34,A,P28906,110,Height,0.0552231937413714,9.79146744902738e-15,0,,14,Abnormality of the skeletal system,0.764,14,0,,0,0,0,CHEMBL4296384,0,1.4969943790209863e-10,1.1295557564938388,102,19,17,CD34 protein levels,1e-27,81,,,2026-08-14T01:42:43
CD3E,A,P07766,94,Non-cancer illness code  self-reported: high cholesterol,0.0619965627515167,0.00944992258422559,0,,3,immunodeficiency 18,0.915,3,0,,3,0,0,CHEMBL1975,7,0.04819852164882777,0.7007847405093005,59,15,15,TREH protein levels,2e-58,338,,,2026-08-14T01:42:59
CD48,A,P09326,74,Eye problems or disorders: Diabetes related eye disease,0.303056567256533,0.000697462309330961,1,prot-c-3292_75_1,2,Decreased total leukocyte count,0.466,2,0,,0,0,0,,,4.7171406990745e-07,1.3196395001906067,117,28,48,Circulating CD48 levels,9e-1653,71,,,2026-08-14T01:43:14
CD55,A,P08174,114,Non-cancer illness code  self-reported: retinal detachment,0.246408032848267,0.00111677402025419,1,prot-c-5069_9_3,19,refractive error,0.609,13,0,,1,0,0,CHEMBL4879428,0,3.8785060257735025e-13,1.1616054364885269,78,30,35,Circulating CR2 levels,3e-223,313,,,2026-08-14T01:43:32
CD59,A,P13987,108,Pulse rate,-0.0421662983425414,0.00157350471970553,0,,2,primary CD59 deficiency,0.769,2,0,,2,0,0,CHEMBL5724795,0,0.2867873652128052,1.1004830350544939,25,15,19,Circulating CD59 levels,7e-293,149,,,2026-08-14T01:43:48
CD5L,A,O43866,101,Non-cancer illness code  self-reported: diverticular disease or diverticulitis,0.214580774268035,0.00124154007027004,1,prot-c-3293_2_4,2,functional neutrophil defect,0.572,2,0,,0,0,0,,,2.563908942077803e-13,1.2489769726840896,100,29,56,CD5L protein levels,3e-193,63,,,2026-08-14T01:44:00
CD7,A,P09564,95,Non-cancer illness code  self-reported: asthma,-0.046735034,0.006385872,0,,2,benign thyroid gland neoplasm,0.377,1,0,,0,0,0,,,1.2223265674446216e-07,1.580537441477825,60,5,5,T-cell antigen CD7 levels,5e-145,89,,,2026-08-14T01:44:14
CD8A,A,P01732,70,Invasive mucinous ovarian cancer,0.270723104,0.004972913,0,,3,tinea unguium,0.484,3,0,,0,0,0,,,1.8629082059962872e-09,1.443566986327924,47,30,34,Circulating CD8A levels (id: OID05124_OID21018),9e-554,239,,,2026-08-14T01:44:27
CDCP1,A,Q9H5V8,90,Diagnoses - main ICD10: D12 Benign neoplasm of colon  rectum  anus and anal canal,0.462133162,3.16e-07,0,,6,bone Paget disease,0.59,6,0,,0,0,0,,,0.0020580775486075814,0.656601111308485,61,26,36,Circulating CDCP1 levels,6e-461,141,,,2026-08-14T01:44:39
CDH11,A,P55287,98,Alcohol intake frequency,-0.022828144,0.001179636,0,,10,Teebi hypertelorism syndrome 2,0.909,9,0,,3,0,0,CHEMBL2163173,0,0.9999999972055867,0.26844250392882185,69,56,60,Serum levels of protein CDH11,1e-197,216,,,2026-08-14T01:44:54
CDH13,A,P55290,77,Non-cancer illness code  self-reported: high cholesterol,-0.181665536050804,1.72405652712934e-06,0,,30,obesity disorder,0.758,14,0,,0,0,0,,,0.8493990234191802,0.5291486418275267,252,276,344,HSBP1 protein levels,5e-307,326,1,,2026-08-14T01:45:12
CDH7,A,Q9ULB5,102,Non-cancer illness code  self-reported: hypopituitarism,0.776532691680513,0.00516469691925178,0,,18,obesity disorder,0.798,15,0,,0,0,0,,,0.9891951539840592,0.4860925233993612,58,57,56,Body mass index,3e-30,260,,,2026-08-14T01:45:27
CDNF,A,Q49AH0,68,Eczema,-0.303257858190504,0.00640879049444152,1,prot-c-4962_52_1,1,Peyronie disease,0.416,1,0,,0,0,0,,,0.012308400049458715,1.060820015143998,24,11,15,Cerebral dopamine neurotrophic factor levels,3e-219,29,,,2026-08-14T01:45:40
CDON,A,Q4KMG0,109,Birth length,0.0601013758146271,0.00198032193024119,1,prot-c-4541_49_2,21,holoprosencephaly,0.89,15,0,,14,0,0,,,1.0305171770411346e-13,0.7338076223699049,74,26,26,Cell adhesion molecule-related/down-regulated by oncogenes levels,1e-352,895,,,2026-08-14T01:45:55
CDSN,A,Q15517,198,Body mass index (BMI),-0.0215022787546232,0.00107032134922668,0,,4,peeling skin syndrome 1,0.778,4,0,,4,0,0,,,0.19967996891776787,0.7115777389181289,843,25,23,Primary sclerosing cholangitis (MTAG),1e-61,179,1,,2026-08-14T01:46:42
CEL,A,P19835,95,Diagnoses - main ICD10: N92 Excessive  frequent and irregular menstruation,0.183424907674718,0.00167101408942348,0,,5,MODY,0.788,5,0,,5,0,0,CHEMBL3219,0,1.9890043222318246e-09,0.8925758884776503,169,11,12,Bile salt-activated lipase levels,1e-44,486,,,2026-08-14T01:47:00
CFB,A,P00751,121,Forearm bone mineral density,0.302103756708408,7.28523828262787e-06,1,prot-c-4129_72_1,9,atypical hemolytic-uremic syndrome with B factor anomaly,0.876,9,3,ankylosing spondylitis,6,3,0,CHEMBL5731,2,2.240008306629282e-11,0.7536965598054678,325,88,97,Neutrophil collagenase levels (MMP8.2954.56.2),1e-283,666,,,2026-08-14T01:47:26
CFH,A,P08603,119,Forced vital capacity (FVC),-0.0206315688949523,0.000166226245165769,1,prot-c-4159_130_1,27,complement factor H deficiency,0.947,15,3,age-related macular degeneration,11,0,2,CHEMBL4629,0,0.9996095612548745,0.45218031089506655,175,1877,2029,Ribosomal protein S6 kinase alpha-1 levels,3e-2377,1628,4,,2026-08-14T01:47:47
CFHR1,A,Q03591,107,Forearm bone mineral density,0.049642471,0.004062205,0,,14,age-related macular degeneration,0.426,14,0,,7,0,0,,,3.639285135226369e-06,1.0317639302188784,136,93,144,Complement factor H-related protein 1 levels,4e-993,189,,,2026-08-14T01:48:02
CFHR4,A,Q92496,122,Systolic blood pressure  automated reading,-0.022695725,2.75e-07,0,,16,age-related macular degeneration,0.634,15,0,,3,0,0,,,1.518122312633898e-20,1.137257710961444,128,104,201,Complement factor H-related protein 1 levels,4e-993,247,1,,2026-08-14T01:48:18
CFHR5,A,Q9BXR6,98,Non-cancer illness code  self-reported: deep venous thrombosis (dvt),-0.0995656869610167,0.00289719430891925,1,prot-c-3666_17_4,18,C3 glomerulonephritis,0.709,15,0,,7,0,0,,,1.0073466004412687e-28,1.4106465028622672,109,33,61,Coagulation factor XIII levels,8e-391,402,,,2026-08-14T01:48:33
CFI,A,P05156,110,Amyotrophic lateral sclerosis,-0.160783055198973,0.00512797651463525,1,prot-c-2567_5_6,22,complement factor I deficiency,0.866,15,3,age-related macular degeneration,13,0,2,,,3.362701988937478e-19,1.0286569712998408,36,30,39,CFI protein levels,4e-210,851,,,2026-08-14T01:48:49
CGA,A,P01215,91,Creatinine (enzymatic) in urine,-0.0126837314105453,0.00107452933966803,4,prot-c-2953_31_2;prot-c-3032_11_2;prot-c-3521_16_2;prot-c-4914_10_1,3,hypothyroidism,0.807,3,0,,0,0,0,CHEMBL2146305,0,0.59755493102194,0.7627703806331018,45,16,22,Thyroid stimulating hormone levels,5e-78,35,,,2026-08-14T01:49:07
CGA;CGB3;CGB7,A,,103,Diagnoses - main ICD10: N92 Excessive  frequent and irregular menstruation,0.162243018476521,0.00358151389634411,0,,0,,,0,0,,0,0,0,CHEMBL2146305,0,,,,22,29,Thyroid stimulating hormone levels,5e-78,,,,2026-08-14T01:49:20
CGA;LHB,A,,105,Creatinine (enzymatic) in urine,0.0207944699098033,0.00108192604981354,0,,0,,,0,0,,0,0,0,CHEMBL2146305,0,,,,25,32,Luteinizing hormone levels,2e-187,,,,2026-08-14T01:49:35
CGREF1,A,Q99674,96,Eye problems or disorders: Glaucoma,0.25655384018763,0.000113797468728248,0,,19,risk-taking behaviour,0.564,14,0,,1,0,0,,,6.382378377434467e-06,1.3974463431388882,102,37,137,CGREF1 protein levels,4e-71,130,,,2026-08-14T01:49:50
CHI3L1,A,P36222,57,Non-cancer illness code  self-reported: asthma,-0.0194671693704095,0.00386029218477861,0,,5,schizophrenia,0.195,4,0,,2,0,0,CHEMBL5724768,0,3.403248541513321e-08,0.9991565918861626,123,27,56,Circulating CHI3L1 levels,8e-2951,124,,,2026-08-14T01:50:09
CHIC2,A,Q9UKJ5,125,Creatinine (enzymatic) in urine,-0.0295120979020979,0.00648295095163242,0,,0,,,0,0,,0,0,0,,,0.007043325849711377,0.8466579458118826,51,7,6,Red blood cell erythrocyte count (UKB data field 30010),3e-12,39,,,2026-08-14T01:50:22
CHIT1,A,Q13231,126,Knee osteoarthritis,-0.0784717685677039,0.00862620281190108,1,prot-c-3600_2_3,6,chitotriosidase deficiency,0.333,5,0,,1,0,0,CHEMBL3080,0,5.037377148643988e-15,1.1515297735460726,124,34,83,Circulating CHIT1 levels,2e-6802,270,,,2026-08-14T01:50:39
CHL1,A,O00533,102,Heel bone mineral density (BMD) T-score  automated,-0.0458305475504323,0.00298743847506451,1,prot-c-3601_54_3,21,alcohol drinking,0.68,14,0,,1,0,0,CHEMBL1075422,0,2.0257965995268122e-21,0.8018390921202322,69,56,66,Circulating CHL1 levels,3e-501,498,,,2026-08-14T01:50:54
CHRDL2,A,Q6WN34,95,Diagnoses - main ICD10: D12 Benign neoplasm of colon  rectum  anus and anal canal,0.267322418135328,1.05791423764045e-05,0,,14,colonic neoplasm,0.711,12,0,,0,0,0,,,4.064884501385659e-11,0.980275809923752,68,26,35,Circulating CHRDL2 levels,6e-382,77,,,2026-08-14T01:51:06
CHST1,A,O43916,105,HDL cholesterol,0.148870636550308,1.03860401284339e-13,0,,22,hypertrophic cardiomyopathy,0.555,13,0,,0,0,0,,,0.1535345911032691,0.753881571733616,73,30,20,Circulating ACAN levels,1e-53,59,1,,2026-08-14T01:51:20
CHST12,A,Q9NRB3,72,Diagnoses - main ICD10: I30 Acute pericarditis,1.187879902,0.000122594,0,,3,stroke disorder,0.432,3,0,,0,0,0,,,2.699177499184363e-07,1.1659879319770825,79,28,27,Diastolic blood pressure,2e-26,145,,,2026-08-14T01:51:32
CHST9,A,Q7L1S5,91,Non-cancer illness code  self-reported: mania or bipolar disorder or manic depression,0.383999552590929,0.00025629471255314,0,,21,breast carcinoma,0.587,15,1,Abnormal central motor function,0,1,0,,,1.5833107085913305e-13,1.1991442828156629,63,35,38,Carbohydrate sulfotransferase 9 levels,3e-113,118,,,2026-08-14T01:51:49
CKM,A,P06732,76,Forearm bone mineral density,-0.277781378903948,0.00208257597301932,1,prot-c-2670_67_4,11,response to statin,0.571,11,0,,0,0,0,CHEMBL2656,0,2.599122571564945e-08,1.08400282298547,113,39,53,Creatine kinase levels,1e-219,88,,,2026-08-14T01:52:06
CLEC11A,A,Q9Y240,92,Diagnoses - main ICD10: K40 Inguinal hernia,0.292041684,0.000367254,2,prot-c-2966_65_2;prot-c-4500_50_2,0,,,0,0,,0,0,0,,,7.268345515569777e-13,1.3702118546850308,61,18,35,Circulating CLEC11A levels,7e-404,80,,,2026-08-14T01:52:19
CLEC12A,A,Q5QGZ9,75,Eye problems or disorders: Diabetes related eye disease,0.0782243157571808,0.000921994861168885,0,,3,pericarditis,0.431,3,0,,0,0,0,,,4.401735264090708e-07,1.1856010331686027,75,21,28,C-type lectin domain family 12 member A levels,9e-5734,143,,,2026-08-14T01:52:32
CLEC1B,A,Q9P126,97,Diagnoses - main ICD10: N40 Hyperplasia of prostate,0.12227103,0.016246359,1,prot-c-4332_6_2,0,,,0,0,,0,0,0,,,2.4209611913842355e-09,1.348699577625113,72,39,44,Blood protein levels,1e-553,96,,,2026-08-14T01:52:49
CLEC3B,A,P05452,106,Neuroticism,0.0704225352112676,0.000176834570401608,0,,2,"macular dystrophy, retinal, 4",0.547,2,0,,1,0,0,,,0.00010715486440743502,1.3395820427251866,50,12,15,CLEC3B protein levels,7e-210,37,,,2026-08-14T01:53:00
CLEC4C,A,Q8WTT0,69,Thalamus volume,20.31010526,0.002536277,0,,1,congenital anomaly of cardiovascular system,0.241,1,0,,0,0,0,CHEMBL2176855,1,0.0004454091499124035,0.9204506369603042,71,8,28,Circulating CLEC4C levels,7e-3909,89,,,2026-08-14T01:53:17
CLEC5A,A,Q9NY25,19,Major depressive disorder,-0.113472227389254,0.0602940428643671,0,,0,,,0,0,,0,0,0,,,0.0009639319140907967,0.9484444061543035,37,2,1,C-type lectin domain family 5 member A levels,1e-15,79,,,2026-08-14T01:53:28
CLIC5,A,Q9NZA1,60,Clear cell ovarian cancer,-0.399918244992506,0.0131021519260224,0,,29,"hearing loss, autosomal recessive",0.732,15,0,,2,0,0,,,2.1461955399856096e-06,1.1768495454862227,124,63,83,Ectonucleotide pyrophosphatase/phosphodiesterase family member 5 levels,1e-717,225,,,2026-08-14T01:53:42
CLMP,A,Q9H6B4,121,Heel bone mineral density (BMD) T-score  automated,-0.0488873295910184,0.000114206678610185,0,,21,congenital short bowel syndrome,0.603,14,0,,4,0,0,,,1.3211877735073008e-05,0.8238940414895701,95,58,78,Circulating CLMP levels,3e-805,128,,,2026-08-14T01:53:55
CLN5,A,O75503,89,Total cholesterol,0.114,0.004371923,0,,15,CLN5 disease,0.951,15,0,,11,0,0,,,2.012040304696445e-11,1.233606603372332,19,9,9,Ceroid-lipofuscinosis neuronal protein 5 levels,2e-63,866,,,2026-08-14T01:54:09
CLPS,A,P04118,69,Non-cancer illness code  self-reported: joint disorder,0.204251878003039,0.00250338107722161,0,,4,celiac disease,0.219,3,0,,0,0,0,CHEMBL6066245,0,0.0022257587740033254,1.560176185592418,95,9,11,CLPS protein levels,9e-296,26,,,2026-08-14T01:54:27
CNDP1,A,Q96KN2,103,Gallbladder cancer,2.81981591840996,0.00125849674596247,1,prot-c-3604_6_4,7,response to antihypertensive drug,0.421,7,0,,0,0,0,,,6.841683639614653e-12,0.9742778052168627,87,12,39,Circulating CNDP1 levels,4e-467,276,,,2026-08-14T01:54:39
CNP,A,P09543,81,Non-cancer illness code  self-reported: osteoarthritis,0.149734939,0.000343202,0,,5,"myopia 2, autosomal dominant",0.816,5,0,,4,0,0,CHEMBL6066309,0,0.9997798431646191,0.38130498399521595,21,2,2,"2,3-cyclic-nucleotide 3-phosphodiesterase levels",6e-13,85,,,2026-08-14T01:54:53
CNTFR,A,P26992,67,Non-cancer illness code  self-reported: bladder problem (not cancer),0.407883792620249,0.000384760429317885,1,prot-c-2711_6_2,6,response to antihypertensive drug,0.344,6,0,,0,0,0,,,0.9916119513428191,0.4814972283900588,50,20,21,Ciliary neurotrophic factor receptor subunit alpha levels,2e-48,130,,,2026-08-14T01:55:06
CNTN1,A,Q12860,170,Diagnoses - main ICD10: B37 Candidiasis,0.000446518814375229,0.00280208081741745,1,prot-c-2974_61_2,14,Compton-North congenital myopathy,0.902,13,0,,3,0,0,CHEMBL6067142,0,0.9999998638053025,0.39398208243658106,109,43,49,Circulating CNTN1 levels,3e-344,752,,,2026-08-14T01:55:23
CNTN2,A,Q02246,119,Mean platelet volume,0.0127190136275146,9.06836065339062e-10,1,prot-c-3296_92_2,16,benign adult familial myoclonic epilepsy,0.869,13,0,,4,0,0,,,0.0008625035190778916,0.5671266983031665,115,55,86,Circulating CNTN2 levels,2e-3298,910,,,2026-08-14T01:55:38
CNTN4,A,Q8IWV2,75,Diagnoses - main ICD10: R10 Abdominal and pelvic pain,0.160347444478306,4.17898953197159e-05,1,prot-c-3298_52_2,30,schizophrenia,0.652,13,0,,1,0,0,,,1.713675361429746e-15,0.7598117147869783,183,115,132,CNTN4 protein levels,2e-291,613,,,2026-08-14T01:55:54
CNTN5,A,O94779,107,Diastolic blood pressure  automated reading,0.0243957765667575,0.000109062347559153,1,prot-c-3299_29_2,30,major depressive disorder,0.584,13,0,,0,0,0,,,4.708237550894706e-14,0.7207442056830414,216,250,308,Circulating CNTN5 levels,4e-1251,294,,,2026-08-14T01:56:12
CNTNAP2,A,Q9UHC6,98,Non-cancer illness code  self-reported: depression,0.0884558070035211,0.000137299810500631,0,,28,cortical dysplasia-focal epilepsy syndrome,0.944,15,0,,10,0,0,,,1.341245186460395e-19,0.7469740489572569,180,161,115,CNTNAP2/DPP6 protein level ratio,5e-1518,2159,,,2026-08-14T01:56:28
COCH,A,O43405,89,Underlying (primary) cause of death: ICD10: E85.4 Organ-limited amyloidosis,1.65223103499435,1.22140546305737e-05,0,,11,autosomal dominant nonsyndromic hearing loss,0.836,11,0,,9,0,0,,,1.8675925730681916e-10,0.9497184872791458,48,22,20,COCH protein levels,5e-282,389,,,2026-08-14T01:56:41
COL15A1,A,P39059,110,Height,-0.0697578990562167,1.08131426697045e-07,0,,14,atrial fibrillation,0.782,11,0,,0,0,0,CHEMBL2364188,2,3.309880711519058e-24,0.7834393417310642,104,46,71,COL15A1 protein levels,1e-168,376,,,2026-08-14T01:57:03
COL18A1,A,P39060,56,Diagnoses - main ICD10: M72 Fibroblastic disorders,0.424455122932953,0.00246234364019984,1,prot-c-2201_17_6,17,Knobloch syndrome 1,0.856,15,0,,14,0,0,CHEMBL2364188,2,1.7567595029661688e-35,0.9144070257244863,100,70,120,Epididymal secretory protein E1 levels (NPC2.6259.60.3),2e-364,3414,,,2026-08-14T01:57:21
COL1A1,A,P02452,169,Body mass index (BMI),-0.0266611757389652,0.000100019186016025,0,,24,osteogenesis imperfecta type 2,0.951,13,5,osteogenesis imperfecta,20,4,0,CHEMBL4845624,0,1,0.1545570696414298,50,12,13,Circulating COL1A1 levels,3e-55,3890,2,,2026-08-14T01:57:37
COL6A1,A,P12109,103,Eye problems or disorders: Injury or trauma resulting in loss of vision,0.325690404255503,0.00303129854734176,0,,18,Bethlem myopathy 1A,0.947,14,0,,11,0,0,CHEMBL2364188,2,4.393846744162076e-12,0.6617409422719411,75,56,84,Collagen alpha-1(VI) chain levels,5e-5385,2252,,,2026-08-14T01:57:59
COLEC12,A,Q5KU26,123,Diagnoses - main ICD10: K80 Cholelithiasis,0.282504827957229,0.000110266921882062,1,prot-c-3665_64_3,11,Abnormality of the skeletal system,0.559,11,0,,0,0,0,,,0.003429200536486057,0.6207699137758239,101,51,83,Circulating COLEC12 levels,9e-119,265,,,2026-08-14T01:58:13
COLGALT1,A,Q8NBJ5,150,Systolic blood pressure  automated reading,-0.018734097106724,0.00462314553675701,0,,7,cerebral small vessel disease,0.824,7,0,,4,0,0,CHEMBL6067420,0,9.651763670083535e-11,0.9112566226872549,43,5,6,Procollagen galactosyltransferase 1 levels,8e-47,353,,,2026-08-14T01:58:28
COX8A,A,P10176,96,Height,0.0180985840519536,0.0033783527899323,0,,3,Isolated cytochrome C oxidase deficiency,0.605,3,0,,3,0,0,,,0.0018731723385332247,2.681463854442364,32,4,7,Systolic blood pressure,9e-17,49,,,2026-08-14T01:58:41
CP,A,P00450,74,Non-cancer illness code  self-reported: hypothyroidism or myxoedema,0.156455643260608,0.000656102954986024,0,,7,aceruloplasminemia,0.875,7,0,,5,0,0,,,1.3728844760992848e-08,0.6438954554091953,39,7,12,Histidine levels,3e-116,1188,,chembl,2026-08-14T01:58:55
CPA2,A,P48052,77,Alcohol intake frequency,-0.0294738196125908,0.0237745325086223,0,,2,exostosis,0.36,2,0,,0,0,0,CHEMBL4939,0,3.859622609858128e-18,1.2561792466532382,80,14,18,Circulating CPA2 levels,3e-832,91,1,,2026-08-14T01:59:11
CPA4,A,Q9UI42,118,Diastolic blood pressure  automated reading,0.00841867387201922,0.000108574062218534,0,,3,rheumatoid arthritis,0.264,3,0,,0,0,0,CHEMBL2644,0,1.6628694496211524e-15,1.137024115239706,91,18,25,Carboxypeptidase A4 levels,2e-3800,103,,,2026-08-14T01:59:26
CPB1,A,P15086,165,Ulcerative colitis,-0.213211097708082,0.000265758241331365,0,,5,Abnormality of the integument,0.46,5,0,,0,0,0,CHEMBL2552,0,4.639637058438389e-19,1.2972840707178281,29,18,16,CPA1/CPB1 protein level ratio,2e-268,97,,,2026-08-14T01:59:42
CPB2,A,Q96IY4,105,Alcohol intake frequency,-0.0128196702002356,0.0040505426929314,1,prot-c-3518_54_2,3,type 2 diabetes mellitus,0.288,3,0,,0,0,0,CHEMBL3419,0,6.1999556958349596e-18,1.189447427888022,100,74,121,"Succinate-semialdehyde dehydrogenase, mitochondrial levels",2e-2461,117,,,2026-08-14T01:59:57
CPM,A,P14384,62,Heel bone mineral density (BMD) T-score  automated,0.0665406132329209,0.000324557843237739,0,,11,salivary gland disorder,0.508,10,0,,1,0,0,CHEMBL3038,0,1.2474493675055204e-09,1.0000682725662942,81,50,38,Carboxypeptidase M (analyte X9416.77) levels,3e-121,73,,,2026-08-14T02:00:31
CPNE1,A,Q99829,103,Height,-0.0522006141248721,2.27569869089574e-25,1,prot-c-5346_24_3,13,schizophrenia 19,0.718,10,0,,2,0,0,,,1.4134331774531288e-18,1.1411805277776252,113,22,32,Copine-1 levels,4e-988,266,,,2026-08-14T02:00:59
CPQ,A,Q9Y646,74,Non-cancer illness code  self-reported: retinal detachment,0.31496615,0.00119643,0,,19,attention deficit-hyperactivity disorder,0.553,15,0,,0,0,0,,,6.82487147509344e-11,1.0659325304725156,54,27,40,CPQ protein levels,3e-265,135,,,2026-08-14T02:01:22
CPXM1,A,Q96SM3,4,ER-positive Breast cancer (Combined Oncoarray; iCOGS; GWAS meta analysis),0.041498290332608,0.0340864428132274,0,,5,portal hypertension,0.453,5,0,,0,0,0,,,2.737076061598706e-22,1.0900540260079594,59,36,52,CPXM1/VEGFC protein level ratio,2e-1224,155,,,2026-08-14T02:01:44
CPZ,A,Q66K79,101,Diagnoses - main ICD10: J33 Nasal polyp,0.398460631276614,0.00111599713411378,0,,15,Abnormality of the skeletal system,0.723,15,0,,1,0,0,,,1.2900594449432734e-49,1.9634282962083711,54,26,40,Height,1e-191,404,,,2026-08-14T02:02:15
CREB3L4,A,Q8TEY5,123,Schizophrenia,0.158039915340572,0.000210588611696515,0,,6,placental retention,0.336,4,0,,0,0,0,,,5.907529581550729e-08,1.038443883083282,60,12,12,Cyclic AMP-responsive element-binding protein 3-like protein 4 levels,2e-123,94,,,2026-08-14T02:02:31
CREG1,A,O75629,109,Diagnoses - main ICD10: H25 Senile cataract,0.382749705543162,3.95482865260974e-06,0,,7,acquired neutropenia,0.473,6,0,,0,0,0,,,1.2724548856392849e-07,1.4622953425988718,70,20,18,CREG1 protein levels,2e-208,66,,,2026-08-14T02:02:46
CRELD1,A,Q96HD1,126,Weight,-0.0119319678127286,1.16957841520669e-07,0,,7,Jeffries-Lakhani neurodevelopmental syndrome,0.761,7,0,,6,0,0,,,8.553607049746445e-11,0.9339779313521501,62,29,45,Cysteine-rich with EGF-like domain protein 1 levels,2e-1815,313,,,2026-08-14T02:03:01
CRHBP,A,P24387,98,HOMA-B,0.016046967,0.026676698,0,,3,nephritis,0.371,2,0,,0,0,0,CHEMBL5930,0,0.0013874308423657375,0.7998404909084988,47,9,12,Hematological traits (multi-trait analysis),2e-110,41,1,,2026-08-14T02:03:16
CRISP2,A,P16562,87,Underlying (primary) cause of death: ICD10: E85.4 Organ-limited amyloidosis,1.33534136740212,9.32635934743429e-07,0,,2,Aganglionic megacolon,0.195,2,0,,1,0,0,,,8.516055089090366e-10,1.2477903493600628,50,18,23,Circulating CRISP2 levels,8e-1000,54,,,2026-08-14T02:03:29
CRISPLD2,A,Q9H0B8,77,Lung cancer,-0.261276519,0.001992853,0,,19,diverticular disease,0.873,11,0,,0,0,0,,,1.215468129246186e-10,0.8427062779880554,107,44,98,Height,2e-84,249,,,2026-08-14T02:03:42
CRLF1,A,O75462,116,Potassium in urine,0.038155594,0.00028674,1,prot-c-2607_54_2,15,Cold-induced sweating syndrome 1,0.948,11,0,,5,0,0,,,1.3160887204751576e-09,0.9716470562198758,108,12,13,Serum levels of protein CRLF1,1e-34,256,,,2026-08-14T02:03:58
CROT,A,Q9UKG9,104,Bipolar disorder,-0.520581118,3.53e-05,0,,11,Abnormality of the liver,0.452,10,0,,0,0,0,CHEMBL2206,0,2.8793169748645538e-27,1.1296379642272343,71,12,11,Height,8e-40,137,,,2026-08-14T02:04:13
CRP,A,P02741,330,Heel bone mineral density (BMD) T-score  automated,-0.0514203902917226,0.000332934424874671,1,prot-c-4337_49_2,11,pneumonia,0.771,11,0,,0,0,0,CHEMBL4295728,0,0.0007593093562352715,3.9915137588260046,133,40,143,C-reactive protein levels,8e-1349,42,4,,2026-08-14T02:04:32
CRTAC1,A,Q9NQ79,117,Diagnoses - main ICD10: I84 Haemorrhoids,-0.154909327,0.003430634,0,,17,smoking initiation,0.6,15,0,,0,0,0,,,4.870082522052024e-06,0.7182517779102762,105,178,214,Circulating CRTAC1 levels,5e-2781,152,,,2026-08-14T02:04:46
CRTAM,A,O95727,94,Systemic lupus erythematosus,-0.665270122,0.001288233,1,prot-c-5068_54_3,9,self-injurious ideation,0.41,9,0,,0,0,0,,,8.499204164628311e-14,1.1315647303518148,119,32,40,CRTAM/LY9 protein level ratio,2e-603,126,,,2026-08-14T02:05:01
CRYZ,A,Q08257,125,Non-cancer illness code  self-reported: muscle or soft tissue injuries,0.098904257,0.002108199,0,,10,response to paracetamol,0.444,10,0,,0,0,0,CHEMBL6118,0,8.303324125023789e-13,1.3626402444397745,26,6,7,Blood protein levels,3e-292,99,,,2026-08-14T02:05:16
CSF1,A,P09603,105,Forced vital capacity (FVC),-0.0431424,0.00109853042806189,1,prot-c-3738_54_1,6,type 2 diabetes mellitus,0.595,6,0,,0,0,0,CHEMBL3989382,2,0.9999970204431039,0.3209251647626238,69,166,236,Circulating CSF1 levels (id: OID00562_OID20719),2e-231,121,,,2026-08-14T02:05:32
CSF2RB,A,P32927,103,Amyotrophic lateral sclerosis,-0.169094363521216,0.00301047146413235,0,,9,Congenital pulmonary alveolar proteinosis,0.721,8,0,,2,0,0,CHEMBL4804252,1,0.9971632568613021,0.46782971618768693,119,38,92,Cytokine receptor common subunit beta levels,6e-850,907,,,2026-08-14T02:05:51
CSGALNACT2,A,Q8N6G5,125,Hirschsprung's disease,4.65364099949006,2.07950759913838e-09,0,,11,Abnormality of the skeletal system,0.871,9,0,,0,0,0,,,1.1162246771521779e-07,0.8392245075890838,55,24,23,Serum levels of protein CSGALNACT2,2e-105,109,,,2026-08-14T02:06:07
CST1,A,P01037,121,Iron,-0.0780141843971631,3.9199226111292e-05,1,prot-c-5459_33_3,2,alcohol drinking,0.216,2,0,,0,0,0,,,8.371543997980262e-10,2.607848990583227,96,15,43,Cystatin-SN levels,2e-346,69,,,2026-08-14T02:06:21
CST2,A,P09228,121,Iron,-0.0854700854700855,3.9199226111292e-05,1,prot-c-4324_33_2,3,alcohol drinking,0.067,3,0,,0,0,0,,,1.2406849490931419e-13,2.699248194986551,101,17,50,Circulating CST5 levels,9e-3177,77,,,2026-08-14T02:06:35
CST3,A,P01034,110,Serum cystatin C (eGFRcys),-0.178117048346056,1.90469805234544e-203,1,prot-c-2609_59_2,10,ACys amyloidosis,0.608,9,0,,6,0,0,CHEMBL4742267,0,,,90,43,63,Cystatin C levels in bottom 99% of individuals by creatinine levels,2e-4504,99,,gnomad,2026-08-14T02:07:23
CST4,A,P01036,93,Serum cystatin C (eGFRcys),0.070967742,3.82e-28,1,prot-c-3802_50_1,2,alcohol drinking,0.423,2,0,,0,0,0,,,2.6044021647066277e-08,2.2733407408396036,101,22,36,Cystatin C levels,8e-3580,62,,,2026-08-14T02:07:41
CST5,A,P28325,96,Serum cystatin C (eGFRcys),0.0209030100334448,1.9731752900754e-09,1,prot-c-3803_10_2,6,alcohol drinking,0.576,6,0,,0,0,0,,,1.0540932383418437e-05,1.792640882993716,88,19,51,Circulating CST5 levels,2e-3604,54,1,,2026-08-14T02:07:53
CST6,A,Q15828,82,Alcohol intake frequency,0.0572251466890193,0.00255120719140707,1,prot-c-3303_23_2,3,autosomal recessive hypohidrotic ectodermal dysplasia,0.555,2,0,,1,0,0,CHEMBL6066979,0,0.005057470798268361,1.344346163048619,79,15,16,Cystatin-M (analyte X3303.23) levels,4e-281,44,,,2026-08-14T02:08:17
CST7,A,O76096,104,Mean cell haemoglobin concentration,-0.0145554681353265,0.00984018206612811,1,prot-c-3302_58_1,4,obesity disorder,0.415,4,0,,0,0,0,,,1.7780044947250155e-06,1.7622284084939182,80,13,21,Cystatin-F levels,4e-296,42,,,2026-08-14T02:08:32
CST8,A,O60676,1,Alzheimer's disease,-0.046277123,0.108218991,0,,2,alcohol drinking,0.447,2,0,,0,0,0,,,4.077743048424761e-10,2.470102214080781,44,9,8,Cystatin C plasma levels,1e-308,57,,,2026-08-14T02:08:45
CTGF,A,P29279,96,Diagnoses - main ICD10: K40 Inguinal hernia,0.157694323,0.000284922,1,prot-c-2975_19_2,10,kyphomelic dysplasia,0.684,9,0,,2,0,0,CHEMBL3712901,1,,,,,,,,,,,2026-08-14T02:09:24
CTRB1,A,P17538,119,Inflammatory bowel disease,-0.0737049915005409,4.95974640211466e-05,0,,22,type 2 diabetes mellitus,0.95,15,0,,0,0,0,CHEMBL4796,0,0.00012222566210934926,1.133743157967634,116,55,72,Chymotrypsinogen B2 levels,9e-1119,117,1,,2026-08-14T02:09:44
CTSA,A,P10619,130,Mean platelet volume,-0.0761570005858231,3.14415692217624e-32,1,prot-c-3179_51_2,13,galactosialidosis,0.922,13,0,,6,0,0,CHEMBL6115,0,6.081061071890032e-09,0.8148427930598374,122,2,2,Lysosomal protective protein levels,1e-8,635,,,2026-08-14T02:10:03
CTSB,A,P07858,113,Heel bone mineral density (BMD) T-score  automated,-0.0480650023551578,7.86869105261971e-09,1,prot-c-3061_61_2,16,Alzheimer disease,0.757,15,0,,2,0,0,CHEMBL4072,0,3.514402378215874e-24,1.604727223325285,186,135,220,Cathepsin B levels,5e-423,325,,,2026-08-14T02:10:50
CTSC,A,P53634,114,Serum cystatin C (eGFRcys),0.009719222,0.006386023,1,prot-c-3178_5_2,23,Papillon-Lefèvre syndrome,0.939,15,0,,8,0,0,CHEMBL2252,1,4.3581967744351006e-12,1.1913939636890334,60,36,48,Circulating CTSC levels,3e-2111,606,,,2026-08-14T02:11:06
CTSD,A,P07339,68,Non-cancer illness code  self-reported: bladder problem (not cancer),0.213448581577292,0.00751976082164172,1,prot-c-3180_46_2,12,neuronal ceroid lipofuscinosis 10,0.894,12,0,,10,0,0,CHEMBL2581,0,1.7281277632581797e-06,0.8806968661216276,87,26,37,Circulating CTSD levels,1e-812,859,,,2026-08-14T02:11:21
CTSF,A,Q9UBX1,117,Breast cancer (Combined Oncoarray; iCOGS; GWAS meta analysis),0.13154533844189,7.52536057092006e-06,0,,13,neuronal ceroid lipofuscinosis 13,0.892,11,0,,6,0,0,CHEMBL2517,0,4.681063858871021e-23,1.2579103526525472,75,14,13,CTSF protein levels,2e-229,339,,,2026-08-14T02:11:37
CTSH,A,P09668,84,Hearing difficulty or problems: Yes,0.0170481642911235,0.00351420546059364,1,prot-c-3737_6_3,19,type 1 diabetes mellitus,0.868,13,0,,0,0,0,CHEMBL2225,0,7.19309189572771e-17,1.1634111247275594,120,68,86,Circulating CTSH levels,1e-3816,99,,,2026-08-14T02:11:55
CTSS,A,P25774,74,Forced vital capacity (FVC),0.0173839628123184,2.29164815392256e-05,1,prot-c-3181_50_2,20,basal cell carcinoma,0.843,13,0,,0,0,0,CHEMBL2954,1,0.6966475206062003,0.5794850529872524,104,82,92,Circulating CTSS levels,8e-582,45,,,2026-08-14T02:12:14
CX3CL1,A,P78423,74,Body mass index (BMI),0.0464532222222222,0.00056605674268837,1,prot-c-2827_23_2,0,,,0,0,,0,0,0,CHEMBL4630883,1,,,72,22,25,Circulating CX3CL1 levels (id: OID00552_OID20976),4e-311,121,,gnomad,2026-08-14T02:12:59
CXCL1,A,P09341,95,Diagnoses - main ICD10: G56 Mononeuropathies of upper limb,0.0738690814052846,0.00591089471887331,1,prot-c-2985_35_1,0,,,0,0,,0,0,0,,,0.002378853864999497,1.3423111596314516,104,54,91,Circulating CXCL1 levels (id: OID00404_OID20762),5e-1754,54,,,2026-08-14T02:13:13
CXCL10,A,P02778,103,Alzheimer's disease,-0.345112782,0.00306353,1,prot-c-4141_79_1,0,,,0,0,,0,0,0,CHEMBL3712964,2,0.0630979376492434,1.09354989944096,105,5,7,C-X-C motif chemokine 10 levels,6e-271,53,1,,2026-08-14T02:13:30
CXCL11,A,O14625,102,Alzheimer's disease,0.219931271,0.001374276,1,prot-c-3038_9_2,0,,,0,0,,0,0,0,,,0.010182172509020256,1.3583088717348653,101,4,5,CXCL11 protein levels,3e-67,51,,,2026-08-14T02:13:44
CXCL16,A,Q9H2A7,283,Crohn's disease,-0.475161290322581,1.1427962313014e-06,1,prot-c-2436_49_4,2,arthropathy,0.211,2,0,,0,0,0,,,1.6799678702147878e-05,1.122398206650853,104,4,10,Circulating CXCL16 levels,2e-216,78,,,2026-08-14T02:13:59
CXCL6,A,P80162,97,Weight,0.00644392249633885,0.00953630054398486,1,prot-c-3495_15_2,2,hypertrophic cardiomyopathy,0.337,0,0,,0,0,0,,,3.4043494872183605e-09,2.5378176954353617,113,112,214,Circulating CXCL6 levels,2e-2252,50,,,2026-08-14T02:14:12
CYB5D2,A,Q8WUJ1,105,ER-negative Breast cancer (Combined Oncoarray; iCOGS; GWAS meta analysis),0.261695906,8.66e-05,0,,16,type 2 diabetes mellitus,0.118,14,0,,0,0,0,,,1.2484719067892907e-08,1.4304719608936016,62,14,15,Neuferricin levels,7e-156,116,,,2026-08-14T02:14:24
CYTL1,A,Q9NRR1,64,Low grade serous ovarian cancer,0.506497175,0.009641675,0,,21,type 1 diabetes mellitus,0.519,15,0,,0,0,0,,,1.0213550672745239e-07,1.9424937952922277,82,80,121,Cerebrospinal fluid protein CYTL1 levels,5e-171,144,,,2026-08-14T02:14:36
DAPK2,A,Q9UIK4,110,Diagnoses - main ICD10: I30 Acute pericarditis,0.591816036073122,0.00550056693794827,1,prot-c-4355_13_1,7,alcohol drinking,0.536,7,0,,0,0,0,CHEMBL3123,0,3.8251958770157333e-10,1.0512735708619352,75,32,29,Death-associated protein kinase 2 levels,2e-150,99,,,2026-08-14T02:14:51
DCBLD2,A,Q96PD2,100,Diagnoses - main ICD10: R04 Haemorrhage from respiratory passages,0.318269188275475,0.000367214202296739,0,,17,Abnormality of the skeletal system,0.582,14,0,,0,0,0,,,5.692536547285644e-11,0.7803406568537417,146,50,62,Circulating DCBLD2 levels (id: OID01005_OID21474),5e-333,130,,,2026-08-14T02:15:06
DEFB1,A,P60022,113,Squamous cell lung cancer,0.447180954839604,0.00123226045852117,0,,5,cervical carcinoma,0.39,5,0,,0,0,0,,,0.009290641986682136,3.511684235980432,147,9,9,Serum levels of protein DEFB1,2e-103,148,,,2026-08-14T02:15:23
DEFB104A,A,Q8WTQ1,9,Endometrioid ovarian cancer,0.480864564743208,0.0797449879269374,0,,0,,,0,0,,0,0,0,,,,,4,1,1,Creatinine levels in top 1% of individuals by creatinine levels,1e-8,212,,,2026-08-14T02:15:35
DEFB112,A,Q30KQ8,11,Femoral neck bone mineral density,-0.10398316970547,0.0266702829720152,0,,15,hypertensive disorder,0.541,15,0,,0,0,0,,,0.05209760320913608,5.8305366900374,83,37,68,CRISP3 protein levels,5e-168,30,,,2026-08-14T02:15:47
DEFB119,A,Q8N690,164,Squamous cell lung cancer,-0.676437153553285,6.44287765394895e-08,0,,6,hypertensive disorder,0.085,6,0,,0,0,0,,,0.032725043963108165,3.0719665090947466,29,7,7,Circulating ENTPD6 levels (id: OID01322_OID20100),2e-48,55,,,2026-08-14T02:16:03
DHFR,A,P00374,95,Platelet count,-2.81974388069379,0.00381704359990993,0,,5,constitutional megaloblastic anemia with severe neurologic disease,0.752,5,0,,5,0,0,CHEMBL202,9,,,26,12,12,Vertex-wise cortical thickness,1e-27,767,9,gnomad,2026-08-14T02:16:49
DHX8,A,Q14562,100,Diastolic blood pressure  automated reading,-0.0134713708099648,0.000119713304243186,0,,5,congenital anomaly of kidney and urinary tract,0.426,4,0,,1,0,0,CHEMBL5465306,0,3.1837486040527403e-06,0.583658118828496,59,26,27,Circulating CD300LG levels,2e-53,240,,,2026-08-14T02:17:04
DKK1,A,O94907,102,Eye problems or disorders: Cataract,-0.341732323455905,0.0013829117971754,1,prot-c-3535_84_1,10,alcohol drinking,0.728,10,0,,1,0,0,CHEMBL6024,2,5.2619559348016756e-05,1.028323527261588,35,28,31,DKK1/PDGFA protein level ratio,2e-196,68,,,2026-08-14T02:17:18
DKK2,A,Q9UBU2,76,Ovarian cancer,0.117460317,0.001460905,0,,23,androgenetic alopecia,0.747,14,0,,0,0,0,,,0.467118657924769,0.6479835036286663,33,29,20,Serum levels of protein DKK2,1e-164,50,,,2026-08-14T02:17:31
DKK3,A,Q9UBP4,100,Diagnoses - main ICD10: D25 Leiomyoma of uterus,0.148905779467205,0.0120856831079913,1,prot-c-3607_71_1,10,Abnormality of the skeletal system,0.706,9,0,,4,0,0,,,1.50786153389903e-05,0.9457208492064699,68,28,38,Circulating DKK3 levels,8e-737,74,,,2026-08-14T02:17:42
DKK4,A,Q9UBT3,106,Non-cancer illness code  self-reported: hyperthyroidism or thyrotoxicosis,0.330421615026129,1.87601243866485e-08,1,prot-c-3365_7_2,6,osteoarthritis,0.415,4,0,,0,0,0,,,4.415206764091997e-06,1.588590100842186,31,3,4,Mean sphered cell volume (UKB data field 30270),5e-34,103,,,2026-08-14T02:17:55
DLK1,A,P80370,96,Age at menarche,-0.0634802091112771,9.00000000000007e-08,0,,17,Abnormality of the skeletal system,0.703,14,0,,4,0,0,CHEMBL5671,0,0.9971426662958642,0.446516917683571,109,124,210,Circulating DLK1 levels,6e-1789,135,,,2026-08-14T02:18:13
DLL1,A,O00548,76,Diagnoses - main ICD10: R14 Flatulence and related conditions,0.89073205069785,0.000121701217436519,1,prot-c-5349_69_3,25,neurodevelopmental disorder with non-specific brain abnormalities and with or without seizures,0.846,15,0,,11,0,0,,,0.9999999999934708,0.20925900532693678,60,16,19,DLL1/TGFBR2 protein level ratio,4e-113,807,,,2026-08-14T02:18:25
DNAJB9,A,Q9UBS3,73,Underlying (primary) cause of death: ICD10: E85.4 Organ-limited amyloidosis,2.43918104167912,1.86031856844484e-26,0,,11,insomnia,0.271,11,0,,0,0,0,,,0.002873185688320982,1.0119419372688778,30,15,20,LAMB1 protein levels,9e-23,67,,,2026-08-14T02:18:37
DNAJC30,A,Q96LL9,74,Eye problems or disorders: Glaucoma,-0.279822007093495,0.00320814847851272,0,,9,"Leber-like hereditary optic neuropathy, autosomal recessive 1",0.853,9,0,,5,0,0,,,1.8925424516018498e-06,1.5795621662880035,144,18,22,DnaJ homolog subfamily C member 30 levels,3e-155,225,,,2026-08-14T02:18:52
DNER,A,Q8NFT8,67,Birth weight,0.064814815,0.014611793,0,,13,breast carcinoma,0.496,13,0,,0,0,0,CHEMBL5291567,0,0.10527407601680858,0.5645523074439431,104,93,65,Circulating DNER levels,5e-491,186,,,2026-08-14T02:19:08
DPEP1,A,P16444,17,Schizophrenia,0.104162008,0.00277998,0,,16,osteoarthritis,0.832,15,0,,0,0,0,CHEMBL1989,2,4.2348576164105453e-20,1.497550671034606,196,128,177,Circulating DPEP1 levels,1e-2323,139,,,2026-08-14T02:19:28
DPP4,A,P27487,19,Invasive mucinous ovarian cancer,0.499785407725322,0.0536592132672378,0,,11,chronic kidney disease,0.489,11,0,,0,0,0,CHEMBL284,19,4.937505050690072e-24,0.902449163543169,107,129,140,DPP4 protein levels,2e-272,169,,,2026-08-14T02:19:45
DPP7,A,Q9UHL4,69,Non-cancer illness code  self-reported: hypertension,-0.0433171773714706,0.00132256492322868,1,prot-c-3608_12_1,1,Abnormality of the skeletal system,0.067,1,0,,0,0,0,CHEMBL3976,0,8.525943839161877e-31,1.5259996811552796,71,19,23,DPP7/SIAE protein level ratio,1e-1546,278,,,2026-08-14T02:20:03
DPT,A,Q07507,86,Body mass index (BMI),-0.0225291215403129,0.000124214093942192,1,prot-c-4979_34_2,30,Sensorineural hearing impairment,0.663,13,0,,1,0,0,,,1.9022559983289084e-05,0.9679604996686082,80,39,75,Dermatopontin levels,8e-211,69,,,2026-08-14T02:20:16
DRGX,A,A6NNA5,102,Diagnoses - main ICD10: I48 Atrial fibrillation and flutter,-0.160306031963048,8.77529316838066e-05,0,,6,frozen shoulder,0.382,6,0,,0,0,0,,,4.9346823788769304e-06,1.0563456298991658,37,48,17,"heart rate (HR, mean, inv-normal transformed)",9e-36,94,,,2026-08-14T02:20:28
DSC2,A,Q02487,69,Diagnoses - main ICD10: K43 Ventral hernia,0.377436171381362,0.00779008125718065,0,,18,Arrhythmogenic right ventricular dysplasia,0.762,15,0,,17,0,0,,,3.3743895950305704e-09,0.7350766168709292,29,5,8,DSC2 protein levels,4e-265,2161,,,2026-08-14T02:20:40
DSG2,A,Q14126,103,Diagnoses - main ICD10: I48 Atrial fibrillation and flutter,0.328910164324072,0.000975459875712256,1,prot-c-5071_3_3,25,arrhythmogenic right ventricular dysplasia 10,0.935,14,0,,24,0,0,,,1.327097653230229e-08,0.763108371638846,56,16,18,DSG2 protein levels,9e-290,2369,,,2026-08-14T02:20:52
DUSP13,A,Q9UII6,169,Cough on most days,-0.101501365951879,0.0025943916247815,0,,11,atrial fibrillation,0.732,10,0,,0,0,0,,,,,,,,,,,,,2026-08-14T02:21:02
DUT,A,P33316,67,Pallidum volume,-55.55221239,0.000638178,0,,20,bone marrow failure and diabetes mellitus syndrome,0.508,15,0,,3,0,0,CHEMBL5203,0,5.4606499965067175e-06,1.049240991862706,100,31,38,Height,3e-220,48,,,2026-08-14T02:21:18
DYNLL1,A,P63167,64,Diagnoses - main ICD10: J33 Nasal polyp,0.395012878968063,0.00322565527534517,1,prot-c-3881_49_2,2,"coenzyme q10 deficiency, primary, 9",0.547,2,0,,1,0,0,CHEMBL5725118,0,0.6621851257047044,0.7667423846626236,108,23,30,High light scatter reticulocyte percentage of red cells,2e-83,23,,,2026-08-14T02:21:37
DYNLL2,A,Q96FJ2,67,Body mass index (BMI),-0.08051677,6.84e-07,0,,5,prostate carcinoma,0.441,5,0,,0,0,0,CHEMBL6067226,0,0.9503580631055774,0.4876312816008028,30,12,22,Height,1e-32,24,,,2026-08-14T02:21:52
DYNLRB1,A,Q9NP97,183,Juvenile idiopathic arthritis,0.481052335318734,0.0108211271520089,1,prot-c-3845_51_2,20,arthropathy,0.393,13,0,,0,0,0,,,0.21157027115336632,0.8767502737165702,72,15,19,Height (baseline),4e-23,36,,,2026-08-14T02:22:04
EBI3,A,Q14213,116,Diagnoses - main ICD10: Z09 Follow-up examination after treatment for conditions other than malignant neoplasms,0.057525424,0.003152321,0,,2,immune system disorder,0.271,2,0,,0,0,0,CHEMBL4295816,0,1.1940240939213776e-06,1.3064605292939144,70,13,24,Circulating EBI3_IL27 levels,1e-1975,77,,,2026-08-14T02:22:21
ECE1,B,P42892,0,,,,1,prot-c-3611_70_4,12,Hirschsprung disease,0.72,12,0,,3,0,0,CHEMBL4791,1,0.996387281946697,0.47050042968330547,91,61,81,Height,3e-157,197,,mr_outcomes,2026-08-14T02:22:40
ECH1,A,Q13011,71,Non-cancer illness code  self-reported: kidney stone or ureter stone or bladder stone,0.199179527,0.003684626,0,,5,alcohol drinking,0.326,5,0,,0,0,0,CHEMBL4523284,0,4.8765487244605096e-09,1.09864193591347,61,9,9,"Delta(3,5)-Delta(2,4)-dienoyl-CoA isomerase, mitochondrial levels",1e-282,87,,,2026-08-14T02:22:56
ECM1,A,Q16610,122,Eczema,0.113389463286801,1.85297092153911e-08,1,prot-c-3366_51_2,13,lipoid proteinosis,0.841,11,0,,3,0,0,,,1.2327654591414999e-17,1.1689634295178626,123,10,13,Extracellular matrix protein 1 levels,5e-754,215,,,2026-08-14T02:23:14
EDAR,A,Q9UNE0,98,Heel bone mineral density (BMD) T-score  automated,-0.0290802272727273,0.000386299062896175,1,prot-c-2977_7_2,23,autosomal recessive hypohidrotic ectodermal dysplasia,0.928,15,0,,10,0,0,CHEMBL1250376,0,3.631095355980688e-10,0.9715775937130693,50,75,82,EDAR/F2R protein level ratio,2e-876,455,,,2026-08-14T02:23:37
EFEMP1,A,Q12805,128,Forced vital capacity (FVC),-0.183478318584071,2.88972423653446e-69,0,,30,Inguinal hernia,0.842,10,2,Hernia of the abdominal wall,17,0,2,,,0.9999576400786471,0.40598238231001343,308,188,714,Height,4e-438,440,,,2026-08-14T02:23:56
EGF,A,P01133,124,Platelet count,-7.59532780708365,5.92999911641564e-06,0,,7,familial primary hypomagnesemia with normocalciuria and normocalcemia,0.679,7,0,,3,0,0,CHEMBL5734,0,1.802447913497544e-20,0.7835851428307582,101,99,168,CLEC1B/EGF protein level ratio,6e-375,684,1,,2026-08-14T02:24:18
EHBP1,A,Q8NDI1,90,Body mass index (BMI),0.0328060200668896,0.0060749350505626,0,,29,prostate carcinoma,0.699,14,0,,1,0,0,,,0.9764796536295426,0.4781080654299625,108,118,164,Low-density lipoprotein levels,2e-62,230,,,2026-08-14T02:24:32
EMC1,A,Q8N766,91,Forced expiratory volume in 1-second (FEV1),0.019066835016835,0.00295290285513756,0,,11,"cerebellar atrophy, visual impairment, and psychomotor retardation;",0.892,11,0,,11,0,0,CHEMBL6067163,0,5.248713644989741e-28,0.9423213377108329,34,4,3,Aflatoxin B1 aldehyde reductase member 3 levels,5e-97,1457,,,2026-08-14T02:24:48
EMC4,A,Q5J8M3,103,Squamous cell lung cancer,-0.142928374670492,0.00220043144391016,0,,1,agenesis of the corpus callosum with peripheral neuropathy,0.265,1,0,,1,0,0,,,0.5874191523037877,0.6501292964454016,10,1,1,Hematological traits (multi-trait analysis),5e-9,54,,,2026-08-14T02:25:00
EMILIN3,A,Q9H8L6,75,Cancer code  self-reported: malignant melanoma,0.235095698388482,0.00600781354306225,0,,13,major depressive disorder,0.659,13,0,,1,0,0,,,3.5713480624626345e-12,1.1648380639562168,98,19,21,EMILIN-3 levels,6e-79,163,,,2026-08-14T02:25:12
ENDOU,A,P21128,69,Cough on most days,0.301514106,8.37e-07,0,,4,basal cell carcinoma,0.312,2,0,,0,0,0,,,1.270694190073541e-15,1.146019212071974,74,4,3,Poly(U)-specific endoribonuclease levels,4e-37,74,,,2026-08-14T02:25:24
ENPP5,A,Q9UJA9,121,Autism,-0.149262496079563,7.73548175164381e-05,0,,17,ptosis,0.517,13,0,,0,0,0,,,3.6526295579612844e-08,1.1055375671515417,60,13,22,Ectonucleotide pyrophosphatase/phosphodiesterase family member 5 levels,2e-1111,81,,,2026-08-14T02:25:35
ENPP7,A,Q6UWV6,106,Non-cancer illness code  self-reported: hypertension,0.0118646868756061,0.00537510943347901,1,prot-c-4435_66_2,11,Intrahepatic cholestasis of pregnancy,0.708,10,0,,0,0,0,CHEMBL6058,0,1.3919643282533577e-15,1.5157563517537922,70,15,38,CPM/ENPP7 protein level ratio,9e-6369,127,,,2026-08-14T02:25:50
ENTPD1,A,P49961,101,Diagnoses - main ICD10: K57 Diverticular disease of intestine,0.206864850971523,0.00214098119256558,1,prot-c-3182_38_2,10,Autosomal recessive spastic paraplegia type 64,0.816,9,0,,7,0,0,CHEMBL5722,0,3.0629861466749757e-06,0.7740217457009703,103,93,158,CD39+ activated CD4 regulatory T cell %activated CD4 regulatory T cell,1e-897,309,,,2026-08-14T02:26:08
ENTPD5,A,O75356,110,Fractured or broken bones in last 5 years,-0.0500026907644522,0.00610540531718868,1,prot-c-4437_56_3,6,familial steroid-resistant nephrotic syndrome with sensorineural deafness,0.911,6,0,,2,0,0,CHEMBL4523151,0,4.007790387825298e-14,1.0321936036749668,53,14,24,Circulating ENTPD5 levels,7e-1068,385,,,2026-08-14T02:26:24
EPHA1,A,P21709,107,Non-cancer illness code  self-reported: hypertrophic cardiomyopathy (hcm  or  hocm),0.69084778442965,0.000339432523777422,1,prot-c-3431_54_2,5,Alzheimer disease,0.824,5,0,,1,0,0,CHEMBL5810,0,2.978204042739982e-26,0.9939303070129395,54,63,84,Ephrin type-A receptor 1 levels,4e-778,267,,,2026-08-14T02:26:40
EPHB2,A,P29323,107,Neo-agreeableness,0.706631819666776,0.000274388708134067,1,prot-c-5077_28_3,13,Familial prostate cancer,0.195,13,0,,2,0,0,CHEMBL3290,0,0.9999999999904932,0.2768081036393449,93,36,46,Bone mineral density mean,1e-300,183,,,2026-08-14T02:26:56
EPHB3,A,P54753,94,Diagnoses - main ICD10: R04 Haemorrhage from respiratory passages,0.268262784465145,0.00842943321709,0,,9,alcohol drinking,0.583,9,0,,0,0,0,CHEMBL4901,0,0.9998600182750375,0.4402330992868665,45,27,14,Facial appearance,1e-34,171,,,2026-08-14T02:27:12
EPHB6,A,O15197,77,Heel bone mineral density (BMD) T-score  automated,0.050128033,0.000748186,1,prot-c-5078_82_3,0,,,0,0,,0,0,0,CHEMBL5836,0,5.394370762494909e-05,0.6018297096951135,96,16,19,Circulating EPHB6 levels,2e-463,228,,,2026-08-14T02:27:30
EPYC,A,Q99645,74,Non-cancer illness code  self-reported: high cholesterol,0.262053531524319,2.4739485619666e-27,0,,7,ovarian dysfunction,0.415,6,0,,0,0,0,,,1.2257268580925702e-09,1.2770432209089786,33,4,2,Protein quantitative trait loci (liver),4e-10,80,,,2026-08-14T02:27:41
ERAP1,A,Q9NZ08,129,Non-cancer illness code  self-reported: ankylosing spondylitis,0.166178413549044,0.000559527526457426,1,prot-c-4964_67_1,26,psoriasis,0.851,11,0,,2,0,0,CHEMBL5939,0,1.978021430373137e-24,0.992435470747882,219,76,149,Endoplasmic reticulum aminopeptidase 1 levels,1e-2380,466,,,2026-08-14T02:28:03
ERAP2,A,Q6P179,120,Crohn's disease,0.0871750451392189,1.97144484763328e-13,0,,18,inflammatory bowel disease,0.619,12,0,,0,0,0,CHEMBL5043,0,6.587478352184324e-43,1.2379764308571135,133,73,134,Endoplasmic reticulum aminopeptidase 2 levels,5e-4961,181,,,2026-08-14T02:28:24
ERLEC1,A,Q96DZ1,77,Schizophrenia,0.265874929999759,1.38571183385671e-05,0,,19,Mandibular prognathia,0.606,13,0,,1,0,0,,,2.485124741826724e-11,0.8820493005902861,67,28,34,Body mass index,3e-23,117,,,2026-08-14T02:28:36
ERMAP,A,Q96PL5,81,Diagnoses - main ICD10: I48 Atrial fibrillation and flutter,0.233070309699714,0.016413547940059,0,,3,hypertensive disorder,0.474,3,0,,0,0,0,,,2.059254020415213e-08,0.9149245104675143,23,5,4,ERMAP protein levels,1e-36,103,,,2026-08-14T02:28:50
ERO1B,A,Q86YB8,161,Age at menopause,0.183150183150183,0.000465258158071049,0,,8,type 2 diabetes mellitus,0.456,8,0,,1,0,0,,,8.42059518335844e-11,0.8256214702789902,65,20,17,ERO1-like protein beta levels,2e-151,167,,,2026-08-14T02:29:02
ESAM,A,Q96AP7,121,Schizophrenia,0.291381137532497,1.50087643932313e-08,1,prot-c-2981_9_3,14,"neurodevelopmental disorder with intracranial hemorrhage, seizures, and spasticity",0.789,11,0,,1,0,0,,,2.048188428642e-06,1.0263210619874474,37,8,7,Endothelial cell-selective adhesion molecule levels,2e-120,154,,,2026-08-14T02:29:14
ESD,A,P10768,82,Diagnoses - main ICD10: K43 Ventral hernia,-0.232632663173422,0.0174077557260812,1,prot-c-4984_83_1,23,rheumatic disorder,0.492,15,0,,0,0,0,CHEMBL2189130,0,4.8434855289149635e-11,1.1871687404709637,84,6,11,S-formylglutathione hydrolase levels,7e-182,102,,,2026-08-14T02:29:29
ETHE1,A,O95571,105,Intracranial volume,-14158.4180170283,0.01027,1,prot-c-3847_56_2,3,ethylmalonic encephalopathy,0.927,3,0,,3,0,0,,,0.0005539210174662459,0.9456866890434146,109,5,9,Circulating TNFRSF10C levels,2e-280,504,,,2026-08-14T02:29:43
EVA1C,A,P58658,190,Diagnoses - main ICD10: K80 Cholelithiasis,0.00245072513272971,0.000439500788879836,0,,8,Abnormality of the skeletal system,0.779,7,0,,0,0,0,,,0.000169521076413793,0.7693494218874978,26,21,16,Protein eva-1 homolog C levels,8e-35,138,,,2026-08-14T02:29:58
EXOSC3,A,Q9NQT5,73,Non-cancer illness code  self-reported: emphysema or chronic bronchitis,0.19233132615904,0.00152165114895626,0,,14,pontocerebellar hypoplasia type 1,0.872,14,0,,14,0,0,,,3.3951153887773497e-05,1.0628055944737016,21,5,3,Height,2e-33,399,,,2026-08-14T02:30:11
F10,A,P00742,110,Diagnoses - main ICD10: K35 Acute appendicitis,0.380257126029838,8.34617331420869e-05,2,prot-c-3077_66_2;prot-c-4878_3_1,9,factor X deficiency,0.96,8,0,,4,0,0,CHEMBL244,13,1.8077907907637693e-08,1.065488370424015,111,28,52,Protein Z-dependent protease inhibitor levels,4e-370,303,,,2026-08-14T02:30:32
F11,A,P03951,197,Non-cancer illness code  self-reported: hypopituitarism,0.38227485795064,0.0035631066533555,1,prot-c-2190_55_1,29,factor XI deficiency,0.964,11,3,factor XI deficiency,6,1,1,CHEMBL2820,4,1.8327343608285826e-27,1.2308721061924686,128,88,148,Coagulation Factor XI levels,2e-272,972,1,,2026-08-14T02:30:52
F13B,A,P05160,128,Systolic blood pressure  automated reading,-0.034596161,1.73e-08,0,,18,congenital factor XIII deficiency,0.826,15,0,,6,0,0,CHEMBL3351193,0,,,100,21,29,Platelet-derived growth factor receptor alpha levels,4e-385,195,,gnomad,2026-08-14T02:31:43
F7,A,P08709,116,Diagnoses - main ICD10: D12 Benign neoplasm of colon  rectum  anus and anal canal,0.086084553473232,0.00311727691268779,1,prot-c-3184_25_2,14,factor VII deficiency,0.98,13,0,,7,0,0,,,5.066547413377797e-11,1.049042941803236,113,36,58,F7/F9 protein level ratio,2e-1816,488,,chembl,2026-08-14T02:32:06
FABP1,A,P07148,94,Diagnoses - main ICD10: K44 Diaphragmatic hernia,0.229262871592575,0.00893570559505947,0,,3,non-melanoma skin carcinoma,0.109,2,0,,0,0,0,CHEMBL5421,0,4.0444396893791854e-05,1.50508687374008,28,37,54,FABP1/RBP2 protein level ratio,1e-591,41,1,,2026-08-14T02:32:21
FAH,A,P16930,75,Diagnoses - main ICD10: R04 Haemorrhage from respiratory passages,-0.179537084463353,0.0198547844784937,0,,11,tyrosinemia type I,0.964,11,2,amino acid metabolism disease,8,2,0,CHEMBL6066391,0,4.69507417526224e-14,1.0736257590171845,30,13,11,Fumarylacetoacetase levels,1e-373,940,,,2026-08-14T02:32:37
FAM151A,A,Q8WW52,99,Underlying (primary) cause of death: ICD10: E85.4 Organ-limited amyloidosis,2.02522996875745,2.77422222973899e-10,0,,7,COVID-19,0.548,6,0,,0,0,0,,,1.088055530157246e-14,1.315760251143976,39,3,3,Protein FAM151A levels,5e-74,156,,,2026-08-14T02:32:49
FAM171B,A,Q6P995,97,HbA1C,0.0338729016786571,0.00584955464737154,0,,17,neuromuscular disease,0.428,14,0,,0,0,0,,,,,42,32,34,FAM171B protein levels,2e-153,131,,gnomad,2026-08-14T02:33:31
FAM174A,A,Q8TBP5,89,Squamous cell lung cancer,0.129133688818897,0.0117985091489555,0,,7,neuroendocrine neoplasm,0.348,6,0,,0,0,0,,,1.4926715974614749e-05,1.529483339251869,22,22,26,Hematological traits (multi-trait analysis),7e-50,63,,,2026-08-14T02:33:56
FAM189A2,A,Q15884,179,Diagnoses - main ICD10: R14 Flatulence and related conditions,0.528527613891856,0.000528300613536349,0,,12,atrial fibrillation,0.576,10,0,,0,0,0,,,,,1,,,,,1,,,2026-08-14T02:34:07
FAM20A,A,Q96MK3,74,Alzheimer's disease,0.225719666,0.003462926,0,,17,amelogenesis imperfecta type 1G,0.891,14,0,,6,0,0,,,3.558626170842048e-12,1.0445513167707592,100,15,15,Height,5e-30,390,,,2026-08-14T02:34:21
FAM213A,A,Q9BRX8,112,Heel bone mineral density (BMD) T-score  automated,-0.0740292708887706,1.03706328537652e-05,0,,7,kidney failure,0.497,6,0,,0,0,0,CHEMBL3879824,0,,,,,,,,,,,2026-08-14T02:34:34
FAM3B,A,P58499,140,Fractured bone site(s): Ankle,0.00172540133118864,0.00687163917674033,0,,12,ovarian dysfunction,0.486,12,0,,0,0,0,,,1.0217388706267037e-10,1.392796209592037,102,29,52,Circulating FAM3B levels,2e-1400,115,,,2026-08-14T02:34:49
FAM3D,A,Q96BQ1,117,Amyotrophic lateral sclerosis,-0.173180873180873,0.00394717335628349,0,,3,knee fracture,0.199,3,0,,0,0,0,,,1.5159934094234318e-08,1.211578674015092,40,14,14,FAM3D protein levels,2e-263,63,,pharmgkb,2026-08-14T02:35:31
FARS2,A,O95363,88,Diagnoses - main ICD10: D12 Benign neoplasm of colon  rectum  anus and anal canal,0.195721711229739,0.00323660291804747,0,,21,combined oxidative phosphorylation defect type 14,0.891,15,0,,8,0,0,CHEMBL2511,0,2.160087812371356e-12,1.1212772569763374,63,47,26,Core binding factor acute myeloid leukemia,3e-32,712,,pharmgkb,2026-08-14T02:36:16
FAS,A,P49327,105,Non-cancer illness code  self-reported: ankylosing spondylitis,0.330240671652244,0.000792594098471329,0,,8,autoimmune lymphoproliferative syndrome type 1,0.94,7,0,,4,0,0,CHEMBL3758063,0,0.9999446597380103,0.3162064524601083,93,62,106,Circulating FAS levels,8e-572,558,,,2026-08-14T02:36:33
FCER2,A,P06734,97,Forced vital capacity (FVC),0.0194600261267146,0.00250487570193403,1,prot-c-3291_30_2,3,Abnormality of the skeletal system,0.391,3,0,,0,0,0,CHEMBL2940,1,1.628217512265008e-10,1.0020719218537555,117,45,74,Circulating CD209 levels,5e-846,74,,,2026-08-14T02:36:51
FCGR2A;FCGR2B,A,,117,Ulcerative colitis,-0.137941722495762,1.43437469898788e-41,0,,0,,,0,0,,0,0,0,CHEMBL4662940,1,,,,240,390,Low affinity immunoglobulin gamma Fc region receptor II-a levels,7e-6401,,,,2026-08-14T02:37:02
FCGR2B,A,P31994,96,Birth weight,0.0198376916140667,7.13431725205731e-08,0,,4,systemic lupus erythematosus,0.33,4,0,,1,0,0,CHEMBL4662940,1,2.87695306544005e-05,1.0763535963035051,195,126,165,Circulating FCGR3B levels,2e-3176,73,,,2026-08-14T02:37:23
FCGR3B,A,O75015,105,Ulcerative colitis,0.154844245348036,6.90928457941534e-07,1,prot-c-3311_27_1,13,Oral ulcer,0.538,12,0,,0,0,0,CHEMBL5842,0,6.397222142912477e-06,1.0873636629209316,198,116,150,Circulating FCGR3B levels,2e-3176,82,,,2026-08-14T02:37:45
FCN1,A,O00602,105,Mean cell haemoglobin concentration,-0.0260854642182941,0.000730741073741784,1,prot-c-3613_62_5,7,ovarian neoplasm,0.521,6,0,,0,0,0,,,5.9733146010552e-17,1.527915212892288,132,48,103,FCN1 protein levels,3e-293,129,,,2026-08-14T02:37:59
FCN2,A,Q15485,167,ER-positive Breast cancer (Combined Oncoarray; iCOGS; GWAS meta analysis),0.0524648370083879,0.000905551735216597,1,prot-c-3313_21_2,6,hypopituitarism,0.389,4,0,,0,0,0,,,8.777004647172664e-11,1.2890819755679965,109,31,63,Circulating FCN2 levels,7e-2318,121,2,,2026-08-14T02:38:22
FCN3,A,O75636,120,Non-cancer illness code  self-reported: hypertension,0.047522749,1.37e-06,1,prot-c-3811_1_2,5,immunodeficiency due to ficolin3 deficiency,0.607,5,0,,3,0,0,,,2.8524949175730007e-09,1.2201782511979937,37,9,13,Ficolin-3 levels,7e-186,93,,,2026-08-14T02:38:34
FCRL3,A,Q96P31,108,Rheumatoid arthritis,0.138150947715278,3.76422227797566e-11,1,prot-c-4440_15_2,14,rheumatoid arthritis,0.838,11,0,,0,0,0,,,1.683531132327766e-35,1.4158815716184763,102,45,83,Circulating FCRL3 levels,9e-5087,155,,,2026-08-14T02:38:50
FCRL4,A,Q96PJ5,108,Cardioembolic stroke,0.118545326154118,0.00266040257367467,0,,2,IgA glomerulonephritis,0.508,2,0,,0,0,0,,,4.934634292384478e-10,0.8650235640399958,100,23,53,Fc receptor-like protein 4 levels,5e-1076,98,,,2026-08-14T02:39:03
FCRL6,A,Q6DN72,115,IgA nephropathy,0.411488513291762,0.0183102918729065,0,,2,mental disorder,0.035,2,0,,0,0,0,,,8.571858733244588e-18,1.287704281328202,138,23,33,FCRL6/KLRD1 protein level ratio,4e-3394,111,,,2026-08-14T02:39:18
FETUB,A,Q9UGM5,104,Non-cancer illness code  self-reported: hypopituitarism,0.740412560929834,0.00760494678025058,1,prot-c-3367_8_3,4,metabolic disease,0.045,4,0,,0,0,0,,,2.0987025031970425e-09,1.2405403096226477,207,21,43,Circulating FETUB levels,3e-990,120,,,2026-08-14T02:39:39
FGF2,A,P09038,83,Weight,-0.0171046472184532,1.14537611623065e-05,1,prot-c-3025_50_1,5,atopic eczema,0.563,4,0,,0,0,0,CHEMBL3107,1,0.00013661731234999413,1.3028138825231788,61,29,54,Circulating FGF2 levels (id: OID00954_OID20503),1e-2421,101,2,,2026-08-14T02:39:54
FGF7,A,P21781,80,Fracture resulting from simple fall,-0.0868180139417685,0.0241635628040576,1,prot-c-4487_1_1,21,hypothyroidism,0.719,11,0,,1,0,0,CHEMBL3286071,0,0.9027082355161282,0.5766256267551256,52,14,21,Nontoxic multinodular goiter (PheCode 241.2),2e-104,47,,,2026-08-14T02:40:09
FGF8,A,P55075,64,Sleep duration,-0.0262990029910269,0.00601017522847301,2,prot-c-2443_10_4;prot-c-4394_71_2,18,hypogonadotropic hypogonadism 6 with or without anosmia,0.896,15,0,,14,0,0,,,0.36880920063492784,0.6536684871518257,42,22,27,KAZALD1 protein levels,3e-114,162,,,2026-08-14T02:40:21
FGFBP3,A,Q8TAT2,106,Years of schooling,0.043046358,0.00115405,0,,13,myocardial infarction,0.224,13,0,,0,0,0,,,0.03258357209905647,1.8996208625865865,66,40,57,Fibroblast growth factor-binding protein 3 levels,2e-179,79,,,2026-08-14T02:40:33
FGFR3,A,P22607,65,Non-cancer illness code  self-reported: hypopituitarism,1.203148798,8.83e-06,1,prot-c-3809_1_2,25,achondroplasia,0.894,15,0,,25,0,0,CHEMBL2742,9,0.9999573449633926,0.420963812576349,85,65,102,Height,4e-63,1472,,,2026-08-14T02:40:50
FGL1,A,Q08830,106,Non-cancer illness code  self-reported: enlarged prostate,-0.149819913,0.010174523,0,,10,preeclampsia,0.763,10,0,,0,0,0,,,9.454828177698516e-26,1.6770701053441477,90,26,35,Fibrinogen-like protein 1 levels,4e-419,194,,,2026-08-14T02:41:02
FKBP7,A,Q9Y680,97,Height,0.02739726,0.005473204,0,,20,atrial fibrillation,0.623,14,0,,0,0,0,,,7.976935148726753e-09,1.3914988646012607,52,11,14,Peptidyl-prolyl cis-trans isomerase FKBP7 levels,5e-195,78,,,2026-08-14T02:41:14
FLRT2,A,O43155,110,Pulse rate,0.193405014874628,3.32134778309687e-22,0,,28,atrial fibrillation,0.723,12,0,,0,0,0,,,0.7071319984073288,0.5780290389930128,68,37,44,Circulating FLRT2 levels,5e-1610,116,,,2026-08-14T02:41:26
FLRT3,A,Q9NZU0,85,Femoral neck bone mineral density,0.078046804680468,7.57212905194772e-05,0,,27,Kallmann syndrome,0.814,14,0,,7,0,0,,,0.4368675476399972,0.5985668298474519,8,1,0,Mood disorder in prion disease,7e-6,150,,,2026-08-14T02:41:37
FLT4,A,P35916,160,HbA1C,-0.0158338175479372,0.00184390839870141,1,prot-c-2358_19_2,8,lymphatic malformation 1,0.951,7,0,,7,0,0,CHEMBL3714157,1,1,0.24928916997194248,41,24,31,Circulating FLT4 levels,3e-608,657,2,,2026-08-14T02:41:54
FMOD,A,Q06828,82,Diagnoses - main ICD10: I30 Acute pericarditis,1.107001639,0.000408643,0,,4,Abnormality of the skeletal system,0.575,4,0,,0,0,0,,,0.0037552792602170305,0.8541175003579012,64,19,27,CHIT1 protein levels,6e-101,87,,,2026-08-14T02:42:07
FN1,A,P02751,116,Systolic blood pressure  automated reading,-0.0264535357795586,1.70312722822438e-11,3,prot-c-3434_34_1;prot-c-3435_53_2;prot-c-4131_72_2,18,"spondylometaphyseal dysplasia, 'corner fracture' type",0.88,14,0,,8,0,0,CHEMBL2821,2,0.9999999782020422,0.4190012347415272,66,85,153,Serum levels of protein FN1,2e-153,2067,,,2026-08-14T02:42:22
FNDC5,A,Q8NAU1,96,Femoral neck bone mineral density,-0.10320824742268,0.00480627812180397,0,,2,type 2 diabetes mellitus,0.045,2,0,,0,0,0,,,0.3442846678473584,0.6889874956726937,18,1,1,Daytime nap,2e-14,39,,,2026-08-14T02:42:41
FOXJ2,A,Q9P0K8,91,Diagnoses - main ICD10: R07 Pain in throat and chest,0.112500487419578,0.000493495998892799,0,,3,Epidermal Inclusion Cyst,0.225,3,0,,0,0,0,,,0.9999885715323488,0.3903924682825078,49,15,16,CLEC4C protein levels,3e-22,140,,,2026-08-14T02:42:54
FRZB,A,Q92765,99,Height,0.0371352785145889,2.66914980318127e-05,1,prot-c-2841_13_2,3,osteoarthritis,0.525,2,0,,2,0,0,,,1.2270728122856566e-12,1.3917534167002699,51,24,44,Circulating FRZB levels,8e-970,93,,,2026-08-14T02:43:06
FST,A,P19883,139,Triglycerides,0.82,6.50459563292118e-250,1,prot-c-4132_27_2,21,Abnormality of the skeletal system,0.809,14,0,,1,0,0,,,0.9999855505047704,0.3084189121923426,113,87,120,Bone mineral density mean,1e-300,54,,,2026-08-14T02:43:20
FSTL1,A,Q12841,73,Non-cancer illness code  self-reported: vitiligo,1.14937892260862,1.9494801458688e-06,0,,1,immune system disorder,0.468,1,0,,0,0,0,,,0.0007459862266997005,0.7354473828349046,21,12,13,Bone mineral density mean,1e-300,90,,,2026-08-14T02:43:33
FTCD,A,O95954,46,Fractured or broken bones in last 5 years,0.155262071,0.017179993,0,,11,formiminoglutamic aciduria,0.873,11,0,,3,0,0,,,8.883215009798964e-31,1.463122890438006,59,10,14,Formimidoyltransferase-cyclodeaminase levels,3e-56,559,,,2026-08-14T02:43:54
FTL;FTH1,A,,115,Total cholesterol,-0.109139477199008,4.4791344211083e-34,0,,0,,,0,0,,0,0,0,CHEMBL6066220,0,,,,109,873,Omega-3 fatty acids to total fatty acids percentage,3e-70,,,,2026-08-14T02:44:06
FUT10,A,Q6P4F1,115,Body mass index (BMI),-0.0236502999333481,1.68546578264328e-05,0,,17,Abnormality of the skeletal system,0.581,13,0,,0,0,0,CHEMBL2926,0,,,40,16,18,"Alpha-(1,3)-fucosyltransferase 10 levels",1e-410,49,,,2026-08-14T02:44:33
FUT3,A,P21217,84,Non-cancer illness code  self-reported: asthma,0.0289088381609284,0.000902806021843968,1,prot-c-4548_4_2,17,cholelithiasis,0.91,13,0,,0,0,0,CHEMBL3269,0,,,115,134,207,Galactoside 3(4)-L-fucosyltransferase levels,2e-739,97,,,2026-08-14T02:44:51
FUT5,A,Q11128,111,Non-cancer illness code  self-reported: asthma,0.0356506853252066,0.00345709528486298,1,prot-c-4549_78_2,13,polyp of gallbladder,0.337,12,0,,0,0,0,CHEMBL3146,0,0.14804223885551396,5.988709683814158,115,25,39,FUT3 or FUT5 protein levels,7e-284,123,,,2026-08-14T02:45:09
FUT8,A,Q9BYC5,91,Height,-0.0123927550047664,0.000304887997471077,0,,19,congenital disorder of glycosylation with defective fucosylation,0.811,14,0,,2,0,0,CHEMBL3596087,0,0.3364816681237177,0.5549429728053028,119,86,234,FUT8 protein levels,6e-248,201,,,2026-08-14T02:45:26
GAA,A,P10253,106,LDL cholesterol,-0.039837398,0.006484452,0,,18,Glycogen storage disease due to acid maltase deficiency,0.989,15,0,,18,0,0,CHEMBL2608,2,1.7196129846482985e-25,1.0110260206561692,89,27,37,Lysosomal alpha-glucosidase levels,3e-375,3676,,,2026-08-14T02:45:52
GABBR2,A,O75899,29,Ovarian cancer,-0.221059268600252,0.0108737144112494,0,,13,"developmental and epileptic encephalopathy, 59",0.845,13,0,,9,0,0,CHEMBL5034,1,0.999999999954181,0.3086647628800623,64,39,28,Height,1e-23,1221,,,2026-08-14T02:46:07
GAL,A,Q8N6F7,1,Glioma,-0.381883690169603,0.123771767684795,0,,8,temporal lobe epilepsy,0.608,8,0,,2,0,0,CHEMBL6066211,0,3.4841266928221626e-05,1.389258462668211,132,34,49,Bone mineral density mean,7e-77,90,3,,2026-08-14T02:46:25
GALNT16,A,Q8N428,95,Invasive mucinous ovarian cancer,-0.684020619,0.001727867,0,,25,physical activity,0.657,14,0,,0,0,0,,,8.03381038663547e-06,0.6837892404462484,58,49,61,Adolescent idiopathic scoliosis,2e-53,105,,,2026-08-14T02:46:37
GALP,A,Q9UBC7,58,Non-cancer illness code  self-reported: osteoarthritis,-0.160665885541683,0.00838927632485556,0,,1,insomnia,0.231,1,0,,0,0,0,CHEMBL4450,0,0.0003401837318600061,1.2806675635631204,49,6,4,GLIPR1 protein levels,9e-28,57,,,2026-08-14T02:46:54
GDF11,A,O95390,199,Body mass index (BMI),-0.0538694492288369,1.05979438242905e-07,1,prot-c-2765_4_3,3,vertebral hypersegmentation and orofacial anomalies,0.58,3,0,,3,0,0,,,0.8563085862038664,0.5652979701131291,27,2,2,CD63 protein levels,2e-18,61,,,2026-08-14T02:47:05
GDF15,A,Q99988,83,Body mass index (BMI),0.0242825369244136,5.71444045520555e-07,0,,6,hyperemesis gravidarum,0.703,6,0,,1,0,0,CHEMBL3120039,0,0.00012869767963198032,1.8992626571857836,189,28,43,Circulating GDF15 levels,1e-851,71,,,2026-08-14T02:47:27
GDI2,A,P50395,119,ER-positive Breast cancer (Combined Oncoarray; iCOGS; GWAS meta analysis),-0.189497717,3.12e-06,1,prot-c-2647_66_2,7,Abnormality of the skeletal system,0.504,7,0,,0,0,0,CHEMBL6066507,0,0.34974469912449413,0.5800434205930892,79,18,16,Telomere length (principal component 1),2e-31,99,,,2026-08-14T02:47:43
GFRA1,A,P56159,89,Non-cancer illness code  self-reported: uterine fibroids,0.162114494668123,0.0182787696342906,1,prot-c-3314_74_2,18,renal hypodysplasia/aplasia 4,0.752,15,0,,4,0,0,CHEMBL3833481,1,0.9957770516081039,0.47097388203933777,66,36,49,GFRA1 protein levels,9e-269,116,,,2026-08-14T02:47:59
GFRA2,A,O00451,107,Hearing difficulty or problems: Yes,0.0528460539892913,7.80916804052648e-05,1,prot-c-2515_14_3,21,poisoning,0.535,14,0,,0,0,0,CHEMBL6066244,0,0.9298129246329576,0.5280802090283386,95,60,68,Circulating GFRA2 levels,7e-447,163,,,2026-08-14T02:48:14
GFRAL,A,Q6UXV0,60,Diagnoses - main ICD10: R14 Flatulence and related conditions,0.831524122883456,0.00167077947650176,0,,17,Abnormality of the skeletal system,0.653,14,0,,0,0,0,CHEMBL5465268,0,2.0998369373043402e-10,1.0473063710181048,98,24,38,GFRAL protein levels,2e-311,83,,,2026-08-14T02:48:30
GGH,A,Q92820,99,Diagnoses - main ICD10: S66 Injury of muscle and tendon at wrist and hand level,0.433800310978051,1.39837561966939e-05,0,,9,Limb pain,0.368,8,0,,1,0,0,CHEMBL2223,0,0.04017309310772208,0.6807351599811504,36,7,13,Gamma-glutamyl hydrolase levels,8e-261,77,11,,2026-08-14T02:48:45
GHR,A,P10912,5,Birth weight,-0.0498041410184667,0.131433108772656,1,prot-c-2948_58_2,9,Laron syndrome,0.919,9,0,,6,0,0,CHEMBL1976,6,3.97135292604227e-05,0.6920058613530029,102,60,122,Height,1e-300,681,,,2026-08-14T02:49:02
GKN2,A,Q86XP6,94,Lung adenocarcinoma,0.211670983,0.000828068,0,,2,Abnormality of the skeletal system,0.472,2,0,,0,0,0,,,3.2766585326011575e-05,1.125443573620587,32,11,15,TFF1/TFF2 protein level ratio,2e-317,38,,,2026-08-14T02:49:14
GLCE,A,O94923,120,Non-cancer illness code  self-reported: high cholesterol,-0.0271907764834959,0.00469771007618999,0,,5,Abnormality of the skeletal system,0.437,5,0,,0,0,0,,,0.48201717458788557,0.5822482802799972,33,16,14,D-glucuronyl C5-epimerase levels,1e-693,76,,,2026-08-14T02:49:26
GLO1,A,Q04760,98,Body mass index (BMI),0.058352143,7.6e-05,0,,7,migraine disorder,0.423,7,0,,0,0,0,CHEMBL2424,0,8.428666536696755e-11,1.4762426691168073,34,15,15,GLO1/GLOD4 protein level ratio,1e-948,25,,,2026-08-14T02:49:42
GLRX2,A,Q9NS18,56,Potassium in urine,-0.0247217200304131,0.000644312831595739,0,,2,hypertensive disorder,0.186,2,0,,0,0,0,,,0.0006487781714931074,1.1874370286829798,14,12,15,HCLS1/TRIAP1 protein level ratio,8e-285,48,,,2026-08-14T02:49:55
GLTD2,A,,77,Diagnoses - main ICD10: G47 Sleep disorders,0.261744088819107,0.0065426209863356,0,,0,,,0,0,,0,0,0,,,,,,,,,,,,,2026-08-14T02:50:03
GNLY,A,P22749,98,Birth weight,0.0190020682523268,0.000629431079236244,1,prot-c-3195_50_2,4,cataract,0.19,3,1,cataract,0,1,0,,,4.4550073033762955e-05,1.2480565659369938,98,24,56,Circulating GNLY levels,6e-2124,60,,,2026-08-14T02:50:16
GNMT,A,Q14749,82,Creatinine (enzymatic) in urine,0.01823675,0.001591304,0,,1,glycine N-methyltransferase deficiency,0.798,1,0,,1,0,0,CHEMBL4523295,0,,,79,20,22,Total lipids in small HDL,1e-43,158,1,gnomad,2026-08-14T02:51:01
GNPTG,A,Q9UJJ9,103,Fractured bone site(s): Wrist,0.254541999,0.000179018,0,,7,GNPTG-mucolipidosis,0.899,7,0,,5,0,0,,,6.782276886795123e-17,1.3435722598289919,85,6,5,N-acetylglucosamine-1-phosphotransferase subunit gamma levels,1e-259,1085,,,2026-08-14T02:51:16
GNRH2,A,O43555,95,Non-cancer illness code  self-reported: polio  or  poliomyelitis,0.843141026252324,0.000667281656341321,0,,0,,,0,0,,0,0,0,,,9.329276824492996e-07,1.9040097664858298,75,7,6,Progonadoliberin-2 levels,2e-134,63,,,2026-08-14T02:51:30
GOT1,A,P17174,184,Mean cell haemoglobin concentration,-0.0321226856691414,0.000287286653936248,1,prot-c-4912_17_1,3,biliary tract disorder,0.418,3,0,,0,0,0,CHEMBL6066348,0,0.0006964609792892868,0.7241934601310592,88,83,113,Aspartate aminotransferase levels,1e-609,88,,,2026-08-14T02:51:45
GP1BA,A,P07359,244,Juvenile idiopathic arthritis,0.990937211782678,2.34049444275889e-06,1,prot-c-4990_87_1,11,Bernard-Soulier syndrome,0.919,11,0,,9,0,0,CHEMBL4630891,1,0.15905863981149282,1.3787132340261403,95,20,48,Platelet count,6e-362,386,1,,2026-08-14T02:52:01
GP5,A,P40197,216,Mean platelet volume,-0.0230222870235368,2.62571682701744e-05,0,,3,stroke disorder,0.036,3,0,,0,0,0,,,,,46,11,18,GP5 protein levels,4e-68,135,,,2026-08-14T02:52:15
GP6,A,Q9HCN6,107,Platelet count,-3.22071591774562,0.000211996428337578,1,prot-c-3194_36_2,9,platelet-type bleeding disorder 11,0.825,9,0,,5,0,0,CHEMBL3308912,1,2.1519339944057105e-18,1.5470634428920453,85,351,400,GP6/HPCAL1 protein level ratio,4e-1824,382,1,,2026-08-14T02:52:33
GPC1,A,P35052,101,Non-cancer illness code  self-reported: pneumothorax,0.871811547092078,6.42560291195052e-06,0,,5,keloid,0.405,5,0,,0,0,0,,,0.0010636629385442967,0.7002343896138136,71,35,43,Circulating GPC1 levels,5e-654,255,,,2026-08-14T02:52:44
GPC5,A,P78333,183,Thyroid cancer,-0.6428829679695,5.83254690196159e-09,1,prot-c-4991_12_1,29,COVID-19,0.339,14,0,,1,0,0,,,1.571332856370114e-14,1.1116035369715538,172,92,123,Circulating GPC5 levels,4e-3718,236,,,2026-08-14T02:53:02
GPHA2,A,Q96T91,110,Eye problems or disorders: Glaucoma,0.123790855107417,0.00160582736968026,0,,1,adolescent idiopathic scoliosis,0.053,1,0,,0,0,0,,,0.0003696061060522862,1.2680120329097577,45,2,1,Uric acid levels,2e-63,36,,,2026-08-14T02:53:14
GPNMB,A,Q14956,166,Diagnoses - main ICD10: J33 Nasal polyp,-0.00147914216052224,0.00659427184053895,1,prot-c-5080_131_3,9,familial primary localized cutaneous amyloidosis,0.837,9,0,,3,0,0,CHEMBL3712919,2,2.858884278895506e-29,1.5093187486332549,44,21,48,Circulating GPNMB levels (id: OID05139_OID20173),1e-666,174,,,2026-08-14T02:53:32
GPX7,A,Q96SL4,110,Non-cancer illness code  self-reported: pneumothorax,0.608350512543492,7.19318312958102e-05,0,,4,Abnormality of the skeletal system,0.591,4,0,,0,0,0,,,3.320251006246219e-07,1.2762771303504876,19,9,10,Glutathione peroxidase 7 levels,1e-1129,39,,,2026-08-14T02:53:44
GRAMD1C,A,Q8IYS0,93,Fractured bone site(s): Ankle,-0.153775990580461,0.000173582918652127,0,,2,gastritis,0.393,1,0,,0,0,0,CHEMBL6067584,0,8.661654010375664e-28,1.085580710428707,23,11,15,GRAM domain-containing protein 1C levels,3e-338,134,,,2026-08-14T02:54:00
GRID2,A,O43424,115,Rheumatoid arthritis,0.180905317647134,0.000819585134096902,0,,27,autosomal recessive spinocerebellar ataxia 18,0.845,14,0,,3,0,0,CHEMBL4524129,0,0.9999999033191771,0.38431015234774374,94,67,64,Bone mineral density mean,5e-34,408,1,,2026-08-14T02:54:16
GRN,A,P28799,206,Serum cystatin C (eGFRcys),0.0216596928769682,0.00267879933894728,1,prot-c-4992_49_1,18,neuronal ceroid lipofuscinosis 11,0.915,14,2,dementia,14,1,1,CHEMBL4680051,0,0.014914148190712781,0.6102887609603969,66,25,28,Circulating GRN levels,8e-463,844,,,2026-08-14T02:54:33
GRP,A,P07492,19,Major depressive disorder,-0.175212676929012,0.0602940428643671,0,,8,type 2 diabetes mellitus,0.858,8,0,,0,0,0,CHEMBL4959,0,0.000304939069056617,1.4381824466449789,55,49,63,GRP protein levels,1e-55,104,,,2026-08-14T02:54:50
GSN,A,P06396,72,Non-cancer illness code  self-reported: gastro-oesophageal reflux (gord)  or  gastric reflux,0.154381514,0.004825076,1,prot-c-4775_34_3,5,Finnish type amyloidosis,0.838,5,0,,3,0,0,CHEMBL4295700,0,2.8242210849908345e-12,0.8162655709169045,49,26,29,Bone mineral density mean,1e-300,1022,,,2026-08-14T02:55:05
GSTA1,A,P08263,122,Haemoglobin concentration,0.0505171999037768,0.000176834570401608,0,,3,familial hyperlipidemia,0.214,3,0,,0,0,0,CHEMBL3409,0,5.208236460236602e-09,1.5187591863895993,100,48,64,ADH4/GSTA1 protein level ratio,5e-1386,51,5,,2026-08-14T02:55:23
GSTM3,A,P21266,100,ER-positive Breast cancer (Combined Oncoarray; iCOGS; GWAS meta analysis),-0.227710843,9.22e-05,0,,4,cystic fibrosis,0.608,3,0,,1,0,0,CHEMBL2242,0,1.4028076097739333e-11,1.2530643233025769,85,1,0,Alpha-CEHC sulfate levels in elite athletes,3e-6,56,4,,2026-08-14T02:55:38
GSTO1,A,P78417,115,Happiness,0.0123895476504172,0.000280229982758181,0,,3,type 2 diabetes mellitus,0.42,3,0,,0,0,0,CHEMBL3174,0,7.917552142787617e-11,1.5620554331711818,37,14,14,Glutathione S-transferase omega-1 levels (GSTO1.12436.84.3),2e-437,61,,,2026-08-14T02:56:00
GSTP1,A,P09211,116,Weight,0.0535131386861314,1.78554985974718e-05,1,prot-c-4911_49_2,1,connective tissue neoplasm,0.21,1,0,,0,0,0,CHEMBL3902,1,8.215703032714021e-10,1.3048863536069812,72,26,29,Glutathione S-transferase P (analyte X4911.49) levels,5e-315,83,22,,2026-08-14T02:56:19
GUCA1A,A,P43080,92,Systolic blood pressure  automated reading,0.0205601548387097,0.00161278136420862,0,,14,cone dystrophy 3,0.958,14,0,,14,0,0,,,0.0001576828491536397,1.1846154331304888,20,2,2,Femur bone mineral density x serum urate levels interaction,2e-13,297,,,2026-08-14T02:56:31
GZMB,A,P10144,99,Diagnoses - main ICD10: M54 Dorsalgia,0.109369242662011,0.000270209279839944,1,prot-c-4133_54_2,6,vitiligo,0.55,6,0,,0,0,0,CHEMBL2316,0,1.0079065693872964e-10,1.5402645206155987,35,11,16,Circulating GZMB levels (id: OID00743_OID20604),2e-571,78,,,2026-08-14T02:56:50
GZMM,A,P51124,65,Neuroticism,0.0395073204740878,0.0335866128968976,0,,2,tooth disorder,0.359,2,0,,0,0,0,CHEMBL4523234,0,1.1190561954045934e-09,1.693117661937857,32,4,1,Total protein levels x insomnia interaction,1e-10,89,,,2026-08-14T02:57:05
H6PD,A,O95479,159,Height,0.0578452639190166,2.52770265339801e-06,0,,11,Hyperandrogenism due to cortisone reductase deficiency,0.856,11,0,,2,0,0,,,2.3119443749115505e-13,0.9981514017985176,99,54,114,GDH/6PGL endoplasmic bifunctional protein levels,5e-323,378,,,2026-08-14T02:57:24
HAAO,A,P46952,99,Eye problems or disorders: Glaucoma,0.0945835454476308,0.000337963492859927,0,,25,"vertebral, cardiac, renal, and limb defects syndrome 1",0.808,14,0,,2,0,0,CHEMBL3108657,0,4.442125465485928e-18,1.3442733289197428,41,8,7,Cerebrospinal fluid protein HAAO levels,4e-132,101,,,2026-08-14T02:57:43
HAVCR1,A,Q96D42,116,Diagnoses - main ICD10: L03 Cellulitis,0.180037963072877,0.00023089678615533,0,,5,metabolic disease,0.75,4,0,,0,0,0,,,8.142599699432511e-13,1.4166782925481467,109,522,953,Circulating HAVCR1 levels (id: OID00426_OID21422),2e-2307,103,,,2026-08-14T02:57:57
HAVCR2,A,Q8TDQ0,124,Non-cancer illness code  self-reported: hyperthyroidism or thyrotoxicosis,0.164955813321786,7.44175685892928e-05,1,prot-c-5134_52_2,3,subcutaneous panniculitis-like T-cell lymphoma,0.752,3,0,,1,0,0,CHEMBL4630879,3,0.013237052067339881,0.8378472865861916,105,29,37,Hepatitis A virus cellular receptor 2 levels,2e-517,101,,,2026-08-14T02:58:13
HBA1;HBB,A,,113,LDL cholesterol,0.176104036846383,2.46616970402177e-45,0,,0,,,0,0,,0,0,0,CHEMBL2095168,2,,,,141,280,AHSP/HBQ1 protein level ratio,5e-434,,,,2026-08-14T02:58:25
HBEGF,A,Q99075,54,Mean platelet volume,-0.0758880516684607,1.29706450070427e-37,1,prot-c-4134_4_2,7,atrial fibrillation,0.646,7,0,,0,0,0,CHEMBL3286070,1,0.3183283926853597,0.7409047805697562,60,89,128,IDP dMRI TBSS ICVF Genu of corpus callosum,4e-39,36,,,2026-08-14T02:58:40
HBZ,A,P02008,86,Heel bone mineral density (BMD) T-score  automated,0.011209348858241,0.0022847795022834,0,,5,anemia (phenotype),0.247,5,0,,0,0,0,CHEMBL6066981,0,0.42345645256427494,1.0859286768309837,174,33,53,Hemoglobin subunit zeta levels,1e-685,85,,,2026-08-14T02:59:03
HDGF,A,P51858,125,Heel bone mineral density (BMD) T-score  automated,0.043539777,0.000364912,0,,3,prostate carcinoma,0.626,2,0,,0,0,0,CHEMBL5724677,0,0.9997183636221628,0.35059283687297177,98,21,29,Circulating HDGF levels,1e-6099,62,,,2026-08-14T02:59:19
HDHD2,A,Q9H0R4,73,Sodium in urine,0.0175745620282011,0.0164167894881727,0,,6,Abnormality of the skeletal system,0.065,6,0,,0,0,0,,,6.764892414046509e-10,1.4540589824359889,48,10,7,Serum levels of protein HDHD2,5e-133,95,,,2026-08-14T02:59:31
HFE2,A,Q6ZVN8,123,Triglycerides,-0.0499847607436757,0.000484175520953194,1,prot-c-3332_57_1,4,hemochromatosis type 2A,0.955,4,0,,3,0,0,,,,,,,,,,,,,2026-08-14T02:59:44
HGF,A,P14210,96,Non-cancer illness code  self-reported: hypopituitarism,1.02878282756772,0.000989996211272895,1,prot-c-2681_23_2,5,"hearing loss, autosomal recessive",0.744,5,0,,2,0,0,CHEMBL3717,20,0.9992419127420282,0.45646211210430726,52,67,99,Circulating HGF levels (id: OID00522_OID20656),3e-81,356,,,2026-08-14T03:00:00
HGFAC,A,Q04756,99,Forced vital capacity (FVC),0.0167741018875584,3.16565804274572e-05,1,prot-c-3617_80_4,23,Hypercholesterolemia,0.825,12,1,response to statin,0,1,0,CHEMBL3351190,0,4.173285236981989e-28,1.302133505082884,129,540,946,Hepatocyte growth factor activator levels,6e-1632,324,,,2026-08-14T03:00:20
HIBCH,A,Q6NVY1,117,Diastolic blood pressure  automated reading,0.012675357,0.001410633,0,,16,3-hydroxyisobutyryl-CoA hydrolase deficiency,0.864,13,0,,4,0,0,CHEMBL3817723,0,3.667580150173923e-15,1.0865244276966095,64,22,27,Serum levels of protein HIBCH,2e-258,324,,,2026-08-14T03:00:35
HMGCR,B,P04035,0,,,,1,prot-c-5230_99_3,13,Hypercholesterolemia,0.857,13,0,,1,0,0,CHEMBL402,10,0.9999335526421149,0.433003626760854,92,463,831,Low density lipoprotein cholesterol levels,1e-602,112,10,,2026-08-14T00:48:03
HNF4A,A,P41235,73,Weight,0.0345418532217247,0.000308316512988758,0,,28,MODY,0.894,15,3,type 2 diabetes mellitus,10,1,1,CHEMBL5398,1,0.9991658749735843,0.4408175205273604,69,372,644,High density lipoprotein cholesterol levels,1e-268,788,7,,2026-08-14T03:01:05
HNRNPC,A,P07910,96,Height,0.0326107807404566,0.0033783527899323,0,,3,"intellectual developmental disorder, autosomal dominant 74",0.718,3,0,,3,0,0,CHEMBL2216742,0,0.9999952136465872,0.2332962142620944,32,7,7,Height,2e-48,121,,,2026-08-14T03:01:20
HP,A,P00738,121,Total cholesterol,-0.0658379373848987,4.4791344211084e-34,1,prot-c-3054_3_2,21,Hypercholesterolemia,0.936,14,0,,1,0,0,,,0.46985773271487785,0.6766461904593633,162,211,296,Inhibin beta B chain (mixed) levels,1e-688,130,,chembl,2026-08-14T03:01:36
HPGDS,A,O60760,112,Age at menarche,-0.0545950864422202,3.09999999999999e-05,0,,12,glaucoma,0.618,9,0,,0,0,0,CHEMBL5879,0,2.0037268491331087e-10,1.5643650157351001,59,16,19,Circulating HPGDS levels,2e-1121,55,,,2026-08-14T03:01:55
HPSE,A,Q9Y251,92,Melanoma,-0.415420097,0.000974598,0,,5,vitiligo,0.468,3,0,,0,0,0,CHEMBL3921,1,1.7723428820385224e-12,0.9371406011059501,32,12,11,Serum levels of protein HPSE,2e-133,151,,,2026-08-14T03:02:11
HPX,A,P02790,160,Cardioembolic stroke,-0.139513098009074,0.00773839607121291,1,prot-c-2768_56_2,1,panniculitis,0.353,1,0,,0,0,0,CHEMBL2176811,0,9.136047414688047e-12,1.0098446071315457,54,43,48,GTPase KRas levels,5e-88,120,,,2026-08-14T03:02:29
HS6ST1,A,O60243,70,Vascular or heart problems diagnosed by doctor: Angina,-0.238232017457629,0.00275886918416042,1,prot-c-4552_13_2,13,Kallmann syndrome,0.815,12,0,,2,0,0,,,0.9997307938608552,0.3081739535991458,55,28,37,HS6ST1 protein levels,2e-237,208,,,2026-08-14T03:02:40
HSD17B14,A,Q9BPX1,79,Diagnoses - main ICD10: S76 Injury of muscle and tendon at hip and thigh level,1.151152137,5.96e-05,0,,5,myopia,0.182,4,0,,2,0,0,CHEMBL3712868,0,1.8007923960232806e-11,1.3349805084287711,183,32,39,MUC2 protein levels,6e-106,67,,,2026-08-14T03:03:01
HSP90B1,A,P14625,111,Heel bone mineral density (BMD) T-score  automated,-0.0113655913978495,0.000226119123686551,0,,4,Dysmetria,0.401,3,0,,0,0,0,CHEMBL1075323,0,0.9999999199079095,0.3707056928474464,66,22,29,Endoplasmin levels (HSP90B1.6393.63.3),4e-795,134,,,2026-08-14T03:03:20
HSPB1,A,P04792,80,Non-cancer illness code  self-reported: hypertension,-0.0477762335454339,0.000224122589977468,0,,9,"neuronopathy, distal hereditary motor, type 2B",0.957,9,0,,9,0,0,CHEMBL5976,0,7.825508629245136e-08,1.6433021942671502,75,19,27,Circulating HSPB1 levels,7e-1848,471,,,2026-08-14T03:03:35
HTATIP2,A,Q9BUP3,91,Height,-0.019405881474847,0.000304887997471077,0,,7,COVID-19,0.557,5,0,,0,0,0,,,6.234140873568084e-10,1.4611395449604372,40,26,21,Oxidoreductase HTATIP2 levels,1e-1325,69,,,2026-08-14T03:03:47
ICAM1,A,P05362,291,Diastolic blood pressure  automated reading,0.0075907129923799,0.000202289727232779,1,prot-c-4342_10_3,8,atrial fibrillation,0.641,5,2,lymphatic system disorder,0,1,1,CHEMBL3070,3,9.225707159403902e-07,0.9066295803016713,163,34,84,Intercellular adhesion molecule 1 levels,2e-5507,118,,,2026-08-14T03:04:13
ICAM5,A,Q9UMF0,93,Crohn's disease,0.0884301412872841,1.84543986631253e-07,1,prot-c-5124_69_3,25,inflammatory bowel disease,0.534,13,0,,0,0,0,,,0.00035481755930330414,0.6319064319759277,166,36,50,Blood protein levels,6e-614,109,,,2026-08-14T03:04:32
ICOS,A,Q9Y6W8,119,Systolic blood pressure  automated reading,0.0579681415929204,1.45560723438426e-06,0,,24,"immunodeficiency, common variable, 1",0.832,12,0,,3,0,0,CHEMBL3712949,1,0.0010706975208758956,0.9404769934687178,72,78,129,Autoimmune hypothyroidism,3e-251,238,,,2026-08-14T03:04:55
ICOSLG,A,O75144,119,Rheumatoid arthritis,0.144709491390231,5.44261665440373e-07,1,prot-c-5061_27_3,9,immunodeficiency 119,0.547,8,0,,4,0,0,CHEMBL3712949,1,,,85,26,43,Circulating ICOSLG levels (id: OID00731_OID21351),4e-677,429,,,2026-08-14T03:05:13
IDO1,A,P14902,89,Non-cancer illness code  self-reported: uterine fibroids,-0.310670345248499,0.00810036914474688,0,,2,stomach disorder,0.438,2,0,,0,0,0,CHEMBL4685,2,1.855060416568512e-11,1.1967143694770077,23,8,6,"Indoleamine 2,3-dioxygenase 1 levels (IDO1.9759.13.3)",3e-20,136,1,,2026-08-14T03:05:32
IDUA,A,P35475,79,Systolic blood pressure  automated reading,-0.0188730263157895,7.97936622437726e-06,1,prot-c-3169_70_2,30,Hurler syndrome,0.937,15,0,,14,0,0,CHEMBL5169131,0,2.7185365164164565e-21,1.159134692921019,146,55,106,Circulating IDUA levels,1e-1969,2680,,,2026-08-14T03:05:51
IFI16,A,Q16666,84,Myocardial infarction,0.0919813336463959,0.00395561357874513,0,,6,Anisometropia,0.414,6,0,,0,0,0,,,2.679903102451554e-12,0.9087303426058359,37,26,20,Gamma-interferon-inducible protein 16 levels (IFI16.12893.159.3),3e-49,151,,,2026-08-14T03:06:10
IFNAR1,A,P17181,84,Cancer code  self-reported: basal cell carcinoma,0.31141395658788,0.00113856984255551,0,,1,"immunodeficiency 106, susceptibility to viral infections",0.794,1,0,,1,0,0,CHEMBL1887,1,1.2706038428488948e-12,0.9658028770841904,103,23,41,Interferon alpha/beta receptor 1 levels,3e-328,439,,,2026-08-14T03:06:29
IFNGR1,A,P15260,19,Major depressive disorder,0.182403615602081,0.0602940428643671,1,prot-c-3716_63_2,11,disseminated atypical mycobacterial infection,0.895,11,0,,2,0,0,CHEMBL2364171,1,1.295980950396346e-05,0.9215989815268542,48,38,34,Bone mineral density mean,1e-300,460,,,2026-08-14T03:06:44
IFNLR1,A,Q8IU57,82,Parkinson's disease,0.818320472,0.00227473,0,,10,psoriasis,0.814,9,0,,0,0,0,CHEMBL3831284,1,0.0001467560671530188,0.7316682845728119,54,20,25,Circulating IFNLR1 levels,1e-95,115,,,2026-08-14T03:06:59
IGDCC4,A,Q8TDY8,88,Diagnoses - main ICD10: R55 Syncope and collapse,0.347278486,0.000262434,0,,12,Abnormality of the skeletal system,0.839,10,0,,0,0,0,,,4.119145342379695e-14,0.751449829716511,50,18,24,IGDCC4 protein levels,2e-270,260,,,2026-08-14T03:07:12
IGF1,A,P05019,120,Diastolic blood pressure  automated reading,0.0488991570402747,8.66753077878946e-09,1,prot-c-2952_75_2,23,growth delay due to insulin-like growth factor type 1 deficiency,0.761,13,0,,2,0,0,CHEMBL3217394,2,0.7848506228157791,0.6644366906578106,167,130,268,Height,1e-300,213,,,2026-08-14T03:07:32
IGF2R,A,P11717,115,Birth length,-0.0580516014234875,0.00026188356802369,1,prot-c-3676_15_3,22,coronary artery disorder,0.814,14,0,,3,0,0,CHEMBL3240,0,0.9999999998657775,0.40030199353126866,207,288,582,Circulating IGF2R levels,2e-806,428,,,2026-08-14T03:07:51
IGFBP1,A,P08833,147,Triglycerides,0.731210191082802,6.50459563292118e-250,1,prot-c-2771_35_2,5,Abnormality of the skeletal system,0.147,4,0,,0,0,0,CHEMBL4178,0,1.0336369341979104e-13,1.8094487071337177,83,8,10,Height,2e-30,63,,,2026-08-14T03:08:19
IGFBP3,A,P17936,120,Diastolic blood pressure  automated reading,0.0365943925233645,8.66753077878946e-09,1,prot-c-2571_12_3,25,Abnormality of the skeletal system,0.786,12,0,,0,0,0,CHEMBL3997,0,0.9291974417588718,0.5491184300884563,94,71,155,Circulating IGFBP3 levels,3e-1029,68,1,,2026-08-14T03:08:38
IGFBP5,A,P24593,54,Non-cancer illness code  self-reported: kidney stone or ureter stone or bladder stone,0.52227018,0.000315658,1,prot-c-2685_21_2,14,hypothyroidism,0.534,11,0,,0,0,0,CHEMBL2665,0,0.19798569013882575,0.6938618215281868,61,9,5,Serum levels of protein IGFBP5,2e-48,83,,,2026-08-14T03:08:53
IGFBP7,A,Q16270,96,Neo-extraversion,0.725868725868726,0.00439279449880433,1,prot-c-3320_49_2,25,familial retinal arterial macroaneurysm,0.694,15,0,,2,0,0,,,1.1167371631897908e-11,1.423249717035249,106,56,63,Circulating IGFBP7 levels,3e-774,81,,,2026-08-14T03:09:07
IGFLR1,A,Q9H665,113,Body fat,0.035964035964036,0.00186384793502994,0,,5,lichen sclerosus et atrophicus,0.614,5,0,,0,0,0,CHEMBL2029192,0,4.84396252251385e-05,1.0899216653909605,72,4,5,IGF-like family receptor 1 levels,1e-278,95,,,2026-08-14T03:09:23
IGLL1,A,P15814,258,Non-cancer illness code  self-reported: hypertrophic cardiomyopathy (hcm  or  hocm),0.995437222020116,2.19367026368549e-05,0,,12,isolated agammaglobulinemia,0.556,11,0,,2,0,0,,,0.00032865294606765306,1.6154831805413397,25,12,13,Immunoglobulin lambda-like polypeptide 1 levels,1e-98,389,,,2026-08-14T03:09:35
IL10RB,A,Q08334,92,Non-cancer illness code  self-reported: retinal detachment,0.612701235,0.000304356,1,prot-c-2631_50_2,11,inflammatory bowel disease 25,0.915,8,0,,4,0,0,CHEMBL4804251,1,1.1813764995251151e-08,1.0516235420711015,101,45,80,BTN2A1/IL10RB protein level ratio,3e-2884,361,,,2026-08-14T03:09:54
IL11RA,A,Q14626,123,Non-cancer illness code  self-reported: hypertension,-0.0569637365894744,0.00094202783597817,1,prot-c-3814_63_1,4,craniosynostosis and dental anomalies,0.843,3,0,,2,0,0,CHEMBL2050,1,4.536021495602247e-16,1.1297879392389032,63,8,8,Interleukin-11 receptor subunit alpha levels,6e-99,215,,,2026-08-14T03:10:10
IL12B,A,P29460,102,Inflammatory bowel disease,0.417604867,9.59e-34,1,prot-c-4494_63_2,22,psoriasis,0.967,12,0,,0,0,0,CHEMBL3580484,0,6.597430214339549e-07,0.9489162714358262,172,107,215,Circulating IL12B levels (id: OID00523_OID20666),3e-2108,271,2,,2026-08-14T03:10:30
IL12RB1,A,P42701,103,Non-cancer illness code  self-reported: gout,-0.123840038932214,0.000135029655106435,1,prot-c-2632_5_2,7,immunodeficiency disease,0.669,7,0,,2,0,0,CHEMBL4523226,0,1.1837385878403297e-14,0.8347397399674554,108,30,36,Circulating IL12RB1 levels (id: OID01019_OID20486),2e-812,687,,,2026-08-14T03:10:47
IL12RB2,A,Q99665,75,Non-cancer illness code  self-reported: chronic obstructive airways disease or copd,0.359054981144901,0.00351740455921095,1,prot-c-3815_14_1,27,primary biliary cholangitis,0.743,13,0,,0,0,0,,,6.761918282123772e-26,1.1026206610420723,77,29,49,Primary biliary cholangitis,5e-65,714,,,2026-08-14T03:11:06
IL15RA,A,Q13261,103,Non-cancer illness code  self-reported: hypothyroidism or myxoedema,0.0696896461263683,0.000816171290487175,1,prot-c-3445_53_2,6,neuroblastoma,0.55,5,0,,0,0,0,CHEMBL4106128,0,4.5042176605871724e-10,1.4897445210682754,160,60,104,IL2RA/NCR1 protein level ratio,7e-902,99,,,2026-08-14T03:11:28
IL16,A,Q14005,107,Height,-0.0352681851579721,1.27918141773509e-05,1,prot-c-2774_10_3,10,hair color,0.559,10,0,,0,0,0,,,7.409774433147187e-13,0.7459588484896799,62,36,64,Circulating IL16 levels,2e-2545,270,1,,2026-08-14T03:11:39
IL17RA,A,Q96F46,95,Cancer code  self-reported: small intestine or small bowel cancer,0.27889849675618,0.00931699030292247,1,prot-c-2992_59_2,6,immunodeficiency 51,0.844,5,0,,4,0,0,CHEMBL3580485,1,3.3004012501368535e-08,0.897923221802442,112,43,132,Circulating IL17RA levels,4e-5490,1113,1,,2026-08-14T03:11:57
IL17RB,A,Q9NRM6,72,Height,0.0397698426129633,0.00569741408123652,1,prot-c-5084_154_3,17,injury,0.47,14,0,,0,0,0,,,9.215406605654465e-11,1.0838890515601407,88,8,9,Circulating IL17RB levels,7e-1353,98,,,2026-08-14T03:12:11
IL17RD,A,Q8NFM7,120,Forced expiratory volume in 1-second (FEV1),0.0217804455980965,1.04479642943618e-05,1,prot-c-3376_49_2,10,Kallmann syndrome,0.853,9,0,,6,0,0,,,2.9001787604282806e-11,0.8134470890594628,56,30,46,Interleukin-17 receptor D levels,8e-422,330,,,2026-08-14T03:12:23
IL18,A,Q14116,172,Type 2 diabetes,0.223125761553449,0.00028469812243289,0,,2,smoking initiation,0.211,1,0,,0,0,0,CHEMBL1741305,3,0.03149202350740617,1.0134445741407323,39,8,10,Interleukin-18 levels,1e-119,37,4,,2026-08-14T03:12:39
IL18R1,A,Q13478,101,Crohn's disease,0.114239955971381,2.25114787663715e-13,1,prot-c-3446_7_2,30,Ascending aortic dissection,0.827,12,0,,2,0,0,CHEMBL4804253,1,6.907902988548446e-12,1.0733255382774167,215,121,273,Circulating IL18R1 levels,1e-4635,83,,,2026-08-14T03:12:59
IL18RAP,A,O95256,108,Diagnoses - main ICD10: G56 Mononeuropathies of upper limb,0.118841368924881,0.00104753795313349,1,prot-c-2993_1_2,28,asthma,0.766,12,0,,1,0,0,CHEMBL4804253,1,3.878441819607051e-08,0.8379040976434784,159,47,78,Interleukin-18 receptor 1 levels (IL18R1.3446.7.2),1e-273,104,,,2026-08-14T03:13:19
IL1R1,A,P14778,118,Non-cancer illness code  self-reported: asthma,0.24220094,1.01e-11,1,prot-c-2991_9_2,9,Ascending aortic dissection,0.745,5,0,,2,0,0,CHEMBL1959,3,0.06999279040890521,0.625561792309506,151,68,105,Circulating IL1RL2 levels,3e-1790,81,,,2026-08-14T03:13:43
IL1R2,A,P27930,123,Ulcerative colitis,0.196184347826087,7.61178638553289e-10,0,,12,inflammatory bowel disease,0.641,8,0,,0,0,0,,,2.52329273081872e-18,1.489222522039019,119,30,44,Circulating IL1R2 levels,1e-2261,106,,,2026-08-14T03:13:56
IL1RAP,A,Q9NPH3,106,Non-cancer illness code  self-reported: anxiety or panic attacks,0.0918438024201429,2.39487673657394e-06,1,prot-c-2630_12_2,5,response to antihypertensive drug,0.428,5,0,,2,0,0,CHEMBL4804256,1,1.6929284365479017e-06,0.7640324789474751,74,29,72,Interleukin-1 Receptor accessory protein levels,5e-2655,107,,,2026-08-14T03:14:12
IL1RL1,A,Q01638,117,Crohn's disease,0.127032889308028,4.0123201649571e-19,1,prot-c-4234_8_2,30,asthma,0.911,12,0,,1,0,0,CHEMBL4804256,1,4.862191700831543e-07,0.8449538375062217,183,103,243,Circulating IL1RL1 levels,9e-4422,141,,,2026-08-14T03:14:31
IL1RL2,A,Q9HB29,85,Non-cancer illness code self-reported: pulmonary embolism (with or without) dvt,0.291058749653829,0.00151662440662915,1,prot-c-2994_71_2,13,asthma,0.68,12,0,,1,0,0,CHEMBL4665591,2,5.421561842590595e-24,1.2464451760023718,160,24,48,Circulating IL1RL2 levels,3e-796,129,,,2026-08-14T03:14:49
IL1RN,A,P18510,116,Myocardial infarction,0.263988987939171,2.21143688539959e-06,0,,17,sterile multifocal osteomyelitis with periostitis and pustulosis,0.823,13,0,,5,0,0,CHEMBL4523191,0,0.001981562309226368,1.2364654644984223,163,89,111,IL1RN protein levels,3e-249,280,1,,2026-08-14T00:49:13
IL23R,A,Q5VWK5,72,Inflammatory bowel disease,1.50082142857143,2.212578439434e-166,1,prot-c-5088_175_3,27,inflammatory bowel disease,0.919,10,0,,1,0,0,CHEMBL4296013,0,8.399256238669218e-07,0.7958828940313564,122,44,94,Inflammatory bowel disease,2e-170,476,2,,2026-08-14T03:15:06
IL25,A,Q9H293,103,Weight,-0.0112419035997559,0.000484639032471575,1,prot-c-4137_57_2,1,atrial fibrillation,0.053,1,0,,0,0,0,,,0.0014754658512364782,1.2876845638369419,72,6,4,Embryonal Fyn-associated substrate levels,2e-12,57,,,2026-08-14T03:15:21
IL27,A,Q8NEV9,5,Crohn's disease,-0.666495301271421,1.44304277862986e-20,1,prot-c-2829_19_2,13,Crohn disease,0.72,11,0,,0,0,0,,,0.34128003793798406,0.6731759244787378,109,60,81,APOBR protein levels,3e-234,131,,,2026-08-14T03:15:35
IL27RA,A,Q6UWB1,74,Sleep duration,0.00750578407528815,0.00388638561452897,1,prot-c-5132_71_3,1,alcohol drinking,0.054,1,0,,0,0,0,,,5.102235723669483e-16,0.9346788355102806,36,20,28,Interleukin-27 receptor subunit alpha levels,4e-542,138,,,2026-08-14T03:15:47
IL5RA,A,Q01344,60,Nucleus accumbens volume,-9.92641287284144,0.00290263399462092,1,prot-c-4491_4_2,11,skull disorder,0.512,11,0,,0,0,0,CHEMBL3580483,1,7.151636264155508e-17,1.2436135423322785,104,41,124,Circulating IL5RA levels,6e-715,183,,,2026-08-14T03:16:05
IL6R,A,P08887,133,Rheumatoid arthritis,-0.0747951282194573,1.49075208338504e-09,1,prot-c-4139_71_2,23,rheumatoid arthritis,0.824,9,0,,2,0,0,CHEMBL2364155,4,7.935281835363993e-11,1.0306443947755963,149,163,282,Interleukin-6 receptor subunit alpha levels,4e-5877,366,3,,2026-08-14T00:47:22
IL6ST,A,P40189,373,Forced vital capacity (FVC),-0.0178109333895916,0.00151464313338812,1,prot-c-2620_4_2,8,Autosomal recessive hyper-IgE syndrome,0.824,8,0,,6,0,0,CHEMBL3124734,0,0.9999998067733255,0.36968570457537075,43,20,32,IL6ST protein levels,2e-174,663,,,2026-08-14T03:16:27
IL7,A,P13232,101,Non-cancer illness code  self-reported: hypothyroidism or myxoedema,0.16525792,0.000331566,1,prot-c-4140_3_2,18,epidermodysplasia verruciformis,0.733,11,0,,1,0,0,,,0.9984167419107699,0.3588248773203379,58,33,50,Hematological traits (multi-trait analysis),1e-147,135,1,,2026-08-14T03:16:40
IL7R,A,P16871,121,Inflammatory bowel disease,0.104135357815443,2.48326854141091e-05,1,prot-c-5089_11_3,26,immunodeficiency 104,0.889,12,0,,5,0,0,,,3.982135438667343e-11,1.0590865736189317,124,144,242,Circulating IL7R levels,1e-4083,635,,,2026-08-14T03:16:54
IMPAD1,A,Q9NX62,69,Non-cancer illness code  self-reported: psoriasis,0.168480186,0.000547662,0,,19,"chondrodysplasia with joint dislocations, gPAPP type",0.838,15,0,,1,0,0,,,,,,,,,,,,,2026-08-14T03:17:05
IMPDH1,A,P20839,203,Forced expiratory volume in 1-second (FEV1),-0.0128374022886264,8.96773483484794e-05,1,prot-c-5229_90_3,5,retinitis pigmentosa,0.803,5,0,,5,0,0,CHEMBL1822,2,6.305031130791036e-07,0.7237034032233157,23,6,5,Free Cholesterol to Cholesteryl Esters in Large HDL ratio,4e-16,740,4,,2026-08-14T03:17:20
IMPDH2,A,P12268,113,Height,-0.0501630298470028,4.1045268504379e-10,1,prot-c-5250_53_3,3,autosomal dominant dopa-responsive dystonia,0.608,3,0,,3,0,0,CHEMBL2002,0,4.573606591951081e-06,0.7632724059046239,70,5,5,Glycated hemoglobin levels,3e-17,113,2,,2026-08-14T03:17:35
INPP5B,A,P32019,125,Bulimia nervosa,-0.078610603,0.004148197,0,,27,hypothyroidism,0.704,15,0,,1,0,0,CHEMBL2636,0,2.754493191608163e-23,0.9048912785011195,84,38,58,Bone mineral density mean,1e-257,236,,,2026-08-14T03:17:54
ISG15,A,P05161,85,Alcohol intake frequency,-0.0636369598765432,5.8494288304543e-06,0,,0,,,0,0,,0,0,0,CHEMBL3407317,0,0.10722001834377676,2.5706062628285586,81,13,17,Ubiquitin-like protein ISG15 levels,1e-277,306,,,2026-08-14T03:18:10
ISLR2,A,Q6UXK2,165,LDL cholesterol,-0.183696468820436,7.03073914790345e-11,0,,8,undetermined early-onset epileptic encephalopathy,0.438,8,0,,2,0,0,,,0.0004952735749994775,0.9538385976537386,55,1,1,Standing height (UKB data field 50),3e-12,133,,,2026-08-14T03:18:22
ITIH1,A,P19827,182,Diagnoses - main ICD10: K43 Ventral hernia,0.00140841459118654,0.00152752755482552,0,,25,"osteoarthritis, hip",0.709,10,0,,0,0,0,,,6.827579327274088e-29,1.066566062632561,173,92,111,Single Ig IL-1-related receptor levels,3e-1748,191,,,2026-08-14T03:18:43
ITIH2,A,P19823,95,Non-cancer illness code  self-reported: hypertension,-0.01884355,0.011625221,0,,12,acute tonsillitis,0.563,12,0,,0,0,0,CHEMBL4295727,0,6.123557777750011e-35,1.1617312206955293,71,54,69,Circulating PTX3 levels,9e-562,191,,,2026-08-14T03:18:59
ITIH3,A,Q06033,135,Schizophrenia,-0.191796391,3.53e-11,0,,26,Abnormality of the skeletal system,0.81,11,0,,0,0,0,,,2.3479873730873325e-23,1.0101716304239396,171,140,180,ITIH3/VCAM1 protein level ratio,1e-540,165,1,,2026-08-14T03:19:19
ITIH5,A,Q86UX2,64,Diagnoses - main ICD10: L03 Cellulitis,0.228554835614493,0.00321404072282003,0,,12,macular holes,0.588,12,0,,0,0,0,,,5.993688018758046e-19,1.0315593759680346,66,37,46,Cytohesin-4 levels,4e-395,225,,,2026-08-14T03:19:31
JAG1,A,P78504,119,Large vessel disease,-0.573248407643312,0.000260029679683153,1,prot-c-5092_51_3,26,Alagille syndrome due to a JAG1 point mutation,0.945,13,0,,12,0,0,CHEMBL3217396,0,1,0.21915986507067725,109,82,120,Estimated bone mineral density,1e-89,2760,,,2026-08-14T03:19:48
JAK2,A,O60674,96,Eye problems or disorders: Glaucoma,0.262498639320516,0.000109189533738042,1,prot-c-4998_50_1,21,acquired polycythemia vera,0.784,12,9,acquired polycythemia vera,10,1,3,CHEMBL2971,20,1.192797862619491e-16,0.738709681829725,103,160,325,Myeloproliferative disease (PheCode 200),1e-323,796,,,2026-08-14T03:20:07
JAM3,A,Q9BX67,106,Schizophrenia,-0.242959358,3.48e-05,1,prot-c-2998_53_2,12,porencephaly-microcephaly-bilateral congenital cataract syndrome,0.846,10,0,,3,0,0,,,4.772636722354968e-09,1.062776656247341,55,20,20,JAM2/RGMB protein level ratio,6e-29,346,,,2026-08-14T03:20:21
JAML,A,Q86YT9,69,Weight,-0.00683051289772157,0.00155999104267032,1,prot-c-5094_62_3,6,lung adenocarcinoma,0.364,6,0,,1,0,0,,,7.979688744493171e-06,0.8887866973818813,68,26,48,Junctional adhesion molecule-like (analyte X8232.90) levels,1e-828,49,,,2026-08-14T03:20:34
KDELC2,A,Q7Z4H8,87,Non-cancer illness code  self-reported: uterine fibroids,-0.397559860193012,6.84744830806678e-09,0,,26,Abnormality of the skeletal system,0.867,12,0,,0,0,0,,,,,,,,,,,,,2026-08-14T03:20:44
KDR,A,P35968,67,Diagnoses - main ICD10: R07 Pain in throat and chest,0.0563577661148703,0.0212962784275101,1,prot-c-3651_50_5,3,neoplasm,0.285,2,0,,2,0,0,CHEMBL4630759,0,0.9999999999978642,0.3446456733708776,53,37,66,Circulating KDR levels (id: OID00677_OID21497),1e-1414,277,7,,2026-08-14T03:21:00
KIAA1161,A,Q6NSJ0,82,Non-cancer illness code  self-reported: hayfever or allergic rhinitis,0.10397919129203,0.000537870328234824,0,,11,bilateral striopallidodentate calcinosis,0.925,11,0,,4,0,0,,,,,,,,,,,,,2026-08-14T03:21:11
KIAA1549L,A,Q6ZVL6,108,Diagnoses - main ICD10: K57 Diverticular disease of intestine,0.114869273,0.000997023,0,,14,glaucoma,0.654,12,0,,0,0,0,,,4.5127470540462e-13,0.653756130032705,47,30,20,UPF0606 protein KIAA1549L levels,8e-361,320,,,2026-08-14T03:21:24
KIAA2013,A,Q8IYS2,110,Neuroblastoma,-0.81441444,0.000748913,0,,4,Alzheimer disease,0.431,4,0,,0,0,0,,,0.005134415009694364,0.7277364692831428,119,14,12,Circulating NTproBNP levels (id: OID01214_OID20125),2e-113,158,,,2026-08-14T03:21:40
KITLG,A,P21583,124,HDL cholesterol,-0.234945255474453,3.10294760594808e-17,0,,29,"hyperpigmentation with or without hypopigmentation, familial progressive",0.763,15,0,,10,0,0,CHEMBL2346489,0,,,42,39,65,Testicular germ cell tumor,3e-129,164,,gnomad,2026-08-14T03:22:26
KLK10,A,O43240,91,Body fat,-0.213333333,0.002030638,0,,3,obesity disorder,0.128,3,0,,0,0,0,,,2.988245910777416e-10,1.4471518701359094,188,29,35,Circulating KLK10 levels,3e-2250,84,,,2026-08-14T03:22:43
KLK11,A,Q9UBX7,101,Sodium in urine,-0.0101085232490191,0.00554261411661967,1,prot-c-2831_29_1,2,ichthyosis with erythrokeratoderma,0.745,2,0,,2,0,0,CHEMBL3031,0,0.22030936633432338,0.7254128122996447,172,22,32,kallikrein-11 levels,2e-1041,78,,,2026-08-14T03:23:05
KLK12,A,Q9UKR0,108,Neo-extraversion,0.28613968597726,0.016415418487368,1,prot-c-3199_54_2,0,,,0,0,,0,0,0,CHEMBL4943,0,1.9168992336018645e-09,1.62892224208931,190,20,48,Circulating KLK12 levels,2e-7562,76,,,2026-08-14T03:23:26
KLK13,A,Q9UKR3,86,Years of schooling,0.030927835,0.002699796,1,prot-c-3200_49_2,1,actinic keratosis,0.275,1,0,,0,0,0,CHEMBL4863,0,2.2082832467789405e-06,1.2437034481741542,199,23,60,Circulating KLK12 levels,6e-2130,76,,,2026-08-14T03:23:47
KLK14,A,Q9P0G3,108,Diagnoses - main ICD10: S76 Injury of muscle and tendon at hip and thigh level,0.43196588750205,0.00270202624031867,1,prot-c-3681_87_3,2,alcohol drinking,0.191,2,0,,1,0,0,CHEMBL2641,0,5.548659372636042e-07,1.2297378699797417,175,28,69,Circulating KLK14 levels,3e-856,56,,,2026-08-14T03:24:17
KLK6,A,Q92876,73,Diagnoses - main ICD10: N40 Hyperplasia of prostate,0.276174743942723,2.75091692178097e-05,1,prot-c-3450_4_2,4,seborrheic dermatitis,0.277,4,0,,0,0,0,CHEMBL4448,0,6.882967762866165e-05,1.1212765946645609,163,19,27,Circulating KLK10 levels,2e-587,52,,,2026-08-14T03:24:42
KLK7,A,P49862,115,Age at menopause,0.156450007111364,0.00595952647010911,1,prot-c-3378_49_2,2,erythematosquamous dermatosis,0.351,2,0,,0,0,0,CHEMBL2443,0,1.3504681169122347e-05,1.213255305192791,167,25,44,Circulating KLK10 levels,2e-587,74,,,2026-08-14T03:25:03
KLK8,A,O60259,65,Sodium in urine,0.0218430063529665,0.000409450282929644,1,prot-c-2834_54_1,1,actinic keratosis,0.526,1,0,,0,0,0,CHEMBL4812,0,7.618859762576226e-05,1.0006792362691554,185,15,26,KLK8/NECTIN4 protein level ratio,2e-1363,72,,,2026-08-14T03:25:25
KLKB1,A,P03952,192,Crohn's disease,0.971466101694915,1.74407646263721e-21,1,prot-c-4152_58_2,17,inherited prekallikrein deficiency,0.892,14,0,,6,0,0,CHEMBL2000,6,5.569711144966899e-16,0.9800168009056781,127,258,300,Circulating BCL2L11 levels,4e-480,383,,,2026-08-14T03:25:47
KLRB1,A,Q12918,7,Depressive symptoms,0.042253521,0.024448945,0,,3,sensory perception of smell,0.447,3,0,,0,0,0,,,3.342414458739311e-08,1.1109476387348267,46,17,23,KLRB1 protein levels,4e-189,91,,,2026-08-14T03:25:59
KLRC3,A,Q07444,78,Non-cancer illness code  self-reported: hypopituitarism,0.624498081947111,0.000873495643843685,0,,3,ventricular septal defect,0.44,2,0,,0,0,0,,,0.00018439128772233546,1.0317343584407845,85,12,10,KLRK1 protein levels,2e-27,86,,,2026-08-14T03:26:14
KNG1,A,P01042,117,Serum creatinine (eGFRcrea),0.00475841874084919,3.43623950261922e-06,1,prot-c-4495_33_2,13,congenital high-molecular-weight kininogen deficiency,0.795,10,0,,3,0,0,,,0.006692376706281113,0.6811059644735571,210,144,214,Blood protein levels,9e-493,194,1,,2026-08-14T03:26:32
KYNU,A,Q16719,110,Forced vital capacity (FVC),-0.0105395215311005,1.87078093487966e-05,1,prot-c-4559_64_2,24,"vertebral, cardiac, renal, and limb defects syndrome 2",0.837,14,0,,4,0,0,CHEMBL5100,0,2.843894199687167e-17,1.1441640166720435,93,44,91,Kynureninase levels,1e-519,162,,,2026-08-14T03:26:48
LAG3,A,P18627,85,Eye problems or disorders: Injury or trauma resulting in loss of vision,0.541421454,1.83e-05,1,prot-c-5099_14_3,1,Hashimoto thyroiditis,0.198,1,0,,0,0,0,CHEMBL4630881,6,7.5090990459071685e-06,0.8073822162536182,74,21,37,Circulating LAG3 levels (id: OID01023_OID21315),4e-160,177,,,2026-08-14T03:27:05
LAMB1;LAMC1;LAMA1,A,,212,Height,0.0407883103619688,0.000393634651152873,0,,0,,,0,0,,0,0,0,CHEMBL4523594,0,,,,130,190,Height,2e-175,,,,2026-08-14T03:27:17
LAMC2,A,Q13753,109,Diastolic blood pressure  automated reading,0.0152780503655565,0.000616810939282573,0,,23,"Junctional epidermolysis bullosa, Herlitz type",0.839,14,0,,10,0,0,CHEMBL2364187,1,2.6427567294125877e-22,0.8188429708457462,77,37,40,Laminin subunit gamma-2 levels,3e-849,1357,,,2026-08-14T03:27:32
LANCL1,A,O43813,55,Cancer code  self-reported: prostate cancer,0.470822742,0.001555608,0,,7,Abnormality of the skeletal system,0.513,6,0,,0,0,0,CHEMBL6066415,0,2.4622759129862675e-17,1.251221879877709,57,19,20,Glycine levels,4e-35,109,,,2026-08-14T03:27:47
LBP,A,P18428,16,Ovarian cancer,-0.048870168,0.0751575,0,,5,macular degeneration,0.517,5,0,,0,0,0,CHEMBL6119,0,2.0151026425020965e-17,1.1781729038511715,80,67,105,CSF1/LBP protein level ratio,1e-2496,111,,,2026-08-14T03:28:03
LCMT1,A,Q9UIC8,112,Serum creatinine (eGFRcrea),-0.0142418930762489,3.43623950261922e-06,1,prot-c-4237_70_3,5,arthropathy,0.528,5,0,,0,0,0,,,1.0108077412207028e-07,0.9003519056300172,19,4,3,Height,2e-12,102,,,2026-08-14T03:28:18
LCT,A,P09848,135,Total cholesterol,-0.0396958370924088,1.36066230815479e-14,0,,21,congenital lactase deficiency,0.805,14,0,,2,0,0,CHEMBL1075131,0,1.7880613621921946e-11,0.6198737711106648,64,22,25,Lactase-phlorizin hydrolase levels (LCT.9017.58.3),2e-69,1007,,,2026-08-14T03:28:33
LDLR,A,P01130,77,Non-cancer illness code  self-reported: high cholesterol,-0.174314361772116,1.56897921539634e-06,0,,30,"hypercholesterolemia, familial, 1",0.991,13,15,Hypercholesterolemia,8,4,8,CHEMBL3311,0,1.2540506695906319e-32,1.1218601836317932,203,670,1363,Low density lipoprotein cholesterol levels,9e-2305,4921,6,,2026-08-14T03:28:53
LDOC1,A,O95751,79,Diagnoses - main ICD10: R11 Nausea and vomiting,-0.351142939837734,0.00497557092234098,0,,0,,,0,0,,0,0,0,,,0.6206557987592038,0.9626254455747552,1,,,,,216,,,2026-08-14T03:29:09
LEAP2,A,Q969E1,114,Heel bone mineral density (BMD) T-score  automated,0.073638,1.24e-07,0,,0,,,0,0,,0,0,0,,,2.492867204072224e-06,2.2142123867827577,50,4,4,DEFA1_DEFA1B/LCN2 protein level ratio,3e-23,34,,,2026-08-14T03:29:21
LECT2,A,O14960,116,Cancer code  self-reported: basal cell carcinoma,0.199089831,0.003624408,0,,0,,,0,0,,0,0,0,,,0.002628879253640959,1.0945787830559504,85,28,56,Leukocyte cell-derived chemotaxin-2 levels,2e-842,38,,,2026-08-14T03:29:34
LEPR,A,P48357,98,Childhood intelligence,-0.0359403419425246,0.00327708186073858,1,prot-c-5400_52_3,19,obesity due to leptin receptor gene deficiency,0.829,14,0,,7,0,0,CHEMBL5913,2,5.315708545101381e-06,0.6101557816508911,184,219,464,Leptin receptor levels,1e-3146,579,5,,2026-08-14T03:29:53
LGALS2,A,P05162,116,Packed cell volume,-0.229818181818182,0.000446237840988745,1,prot-c-3033_57_1,2,placenta praevia,0.306,2,0,,0,0,0,CHEMBL5977,0,0.012464754867626033,1.3072994072769384,56,4,5,Serum levels of protein LGALS2,5e-34,52,,,2026-08-14T03:30:25
LGALS3,A,P17931,293,Diagnoses - main ICD10: R07 Pain in throat and chest,0.00408824319248898,0.000156126522085918,1,prot-c-3066_12_1,3,Hypercholesterolemia,0.365,1,0,,0,0,0,CHEMBL4531,3,3.0979986337480527e-06,1.289009615479624,42,16,26,Circulating LGALS3 levels,8e-2158,73,1,,2026-08-14T03:30:41
LGALS3BP,A,Q08380,83,PGC cross-disorder traits,-0.224575946,0.011415812,1,prot-c-5000_52_1,1,metabolic disease,0.457,1,0,,0,0,0,CHEMBL6067101,0,7.583008002863498e-10,1.5269782390965092,65,15,23,LGALS3BP protein levels,1e-77,131,,,2026-08-14T03:31:00
LGALS4,A,P56470,123,Pulse rate,0.132545304,1.5e-08,1,prot-c-2982_82_2,3,Transient global amnesia,0.155,3,0,,0,0,0,CHEMBL1671608,0,2.0437978047369885e-12,1.2276949201262268,60,5,7,Circulating LGALS7_LGALS7B levels,6e-55,67,,,2026-08-14T03:31:16
LGALS9,A,O00182,115,Crohn's disease,-0.33985665,7.01e-07,0,,1,Hemoptysis,0.45,1,0,,0,0,0,CHEMBL5474,0,4.0593162051535934e-07,1.0059877521541647,51,10,10,Circulating LGALS9 levels (id: OID00406_OID20781),2e-1395,114,,,2026-08-14T03:31:35
LGMN,A,Q99538,76,Forced vital capacity (FVC),0.042127239,0.000512833,1,prot-c-3622_33_4,6,crush injury,0.49,6,0,,2,0,0,CHEMBL4244,0,7.083190060667921e-08,0.8363898419610137,114,36,53,Circulating LGMN levels,2e-298,135,,,2026-08-14T03:31:56
LHB,A,P01229,105,Creatinine (enzymatic) in urine,0.0321718102257024,0.00116939516077736,0,,4,hypogonadotropic hypogonadism 23 with or without anosmia,0.779,4,0,,3,0,0,CHEMBL1928,3,8.981142587259195e-05,1.7227318233031266,79,9,10,Luteinizing hormone levels,2e-187,109,,,2026-08-14T03:32:27
LILRA3,A,Q8N6C8,130,HDL cholesterol,-0.039259855,7.15e-13,0,,0,,,0,0,,0,0,0,,,,,,,,,,34,,,2026-08-14T03:32:37
LILRA4,A,P59901,157,Potassium in urine,-0.0267625781031047,0.00111000684283568,0,,2,Abnormality of the gastrointestinal tract,0.21,2,0,,0,0,0,CHEMBL4804246,1,2.4140468543520766e-18,1.3013120800090356,196,28,44,Circulating LAIR1 levels,3e-545,125,,,2026-08-14T03:32:59
LILRA5,A,A6NI73,109,HDL cholesterol,-0.0687051022287714,2.72499936113396e-11,0,,6,Alzheimer disease,0.555,6,0,,0,0,0,,,8.801119665840809e-10,1.153185541072975,231,195,339,Leukocyte immunoglobulin-like receptor subfamily A member 3 levels,8e-2417,73,,,2026-08-14T03:33:24
LILRA6,A,Q6PI73,71,Diagnoses - main ICD10: H25 Senile cataract,-0.113385099796095,0.00496183021016531,0,,2,response to statin,0.113,2,0,,0,0,0,,,0.9986629707532777,0.45078751750367874,282,5,8,Leukocyte immunoglobulin-like receptor subfamily A member 6 levels,8e-255,56,,,2026-08-14T03:33:58
LILRB1,A,Q8NHL6,3,Juvenile idiopathic arthritis,0.125525969563301,0.0934268844541267,1,prot-c-5090_49_2,2,Epstein-Barr virus infection,0.341,2,0,,0,0,0,,,2.571474809811818e-16,0.9827766105100316,150,26,45,Leukocyte immunoglobulin-like receptor subfamily B member 1 levels,4e-1083,221,,,2026-08-14T03:34:13
LILRB2,A,Q8N423,104,HDL cholesterol,-0.0450630709003915,9.48119412386931e-11,1,prot-c-5091_28_3,8,Alzheimer disease,0.607,8,0,,0,0,0,,,2.72917331275534e-10,0.8239523581464954,247,39,57,Circulating LILRB2 levels,1e-4990,184,,,2026-08-14T03:34:37
LILRB4,A,Q8NHJ6,106,Fasting proinsulin,-0.135535789919526,0.000579868019319844,0,,2,preeclampsia,0.259,2,0,,0,0,0,,,2.22531472998032e-15,1.1272930504060739,160,48,81,Circulating LILRB4 levels,5e-411,65,,,2026-08-14T03:35:02
LILRB5,A,O75023,82,Hirschsprung's disease,-0.56945205479452,0.00188320273742953,0,,6,Alzheimer disease,0.328,6,0,,0,0,0,,,5.802150486124306e-19,1.10428723120813,280,223,291,Circulating LILRB5 levels,4e-6679,162,,,2026-08-14T03:35:24
LIPN,A,Q5VXI9,99,Height,0.00924741760944417,0.00330870171909502,0,,5,lamellar ichthyosis,0.606,5,0,,1,0,0,CHEMBL4105751,0,1.2858856366767792e-08,0.9841580527558385,41,8,11,Lipase member N levels,1e-764,166,,,2026-08-14T03:35:39
LMAN2L,A,Q9H0V9,119,Bipolar disorder,-0.498988843321161,4.56792462109064e-07,0,,15,autosomal recessive non-syndromic intellectual disability,0.695,11,0,,5,0,0,,,2.1122477793786572e-07,0.918316064737652,33,18,27,Calcium levels,3e-51,151,,,2026-08-14T03:36:10
LMNB1,A,P20700,63,Cancer code  self-reported: small intestine or small bowel cancer,0.667369542113325,0.00442380711058089,1,prot-c-3889_64_2,14,"microcephaly 26, primary, autosomal dominant",0.87,14,0,,8,0,0,CHEMBL5725026,0,0.9900522360201875,0.48576860884687373,54,23,25,Basophil percentage of white cells,1e-70,365,,,2026-08-14T03:36:27
LPA,A,P08519,111,Non-cancer illness code  self-reported: high cholesterol,0.114227265083337,1.09189561636149e-41,0,,30,cardiovascular disorder,0.909,13,0,,0,0,0,CHEMBL4662965,2,2.136107517358245e-68,1.130777975608824,271,929,2489,Lipoprotein (a) levels,6e-22136,365,3,,2026-08-14T00:47:47
LPO,A,P22079,78,Non-cancer illness code  self-reported: high cholesterol,0.107376297096706,0.000484555565232512,1,prot-c-4801_13_3,7,Joubert syndrome,0.901,7,0,,7,0,0,CHEMBL5898,0,8.555335101212969e-25,1.2488818553313317,102,24,26,LPO protein levels,4e-101,139,,,2026-08-14T03:36:44
LRIG3,A,Q6UXM1,94,Non-cancer illness code  self-reported: hypopituitarism,0.903043131811444,0.00431194050761292,1,prot-c-3322_52_2,6,"osteoarthritis, hip",0.761,4,0,,0,0,0,,,1.053869218113113e-16,0.8036804419888472,33,37,36,Leucine-rich repeats and immunoglobulin-like domains protein 3 levels,9e-50,174,,,2026-08-14T03:36:56
LRP11,A,Q86VZ4,118,Internalizing problems,0.087030303,0.001561547,0,,5,mixed connective tissue disease,0.391,5,0,,0,0,0,,,5.279560464097719e-05,0.8110394555994946,86,29,31,Low-density lipoprotein receptor-related protein 11 levels,2e-1411,93,,,2026-08-14T03:37:12
LRP12,A,Q9Y561,81,Non-cancer illness code  self-reported: gastro-oesophageal reflux (gord)  or  gastric reflux,0.195468756,0.00053198,0,,28,oculopharyngodistal myopathy,0.608,15,0,,4,0,0,,,0.999999719480074,0.3317838008217141,79,3,2,Educational attainment,5e-10,175,,,2026-08-14T03:37:25
LRP8,A,Q14114,119,Diagnoses - main ICD10: I83 Varicose veins of lower extremities,0.334688971,4.19e-05,1,prot-c-3323_37_1,5,myocardial infarction,0.304,3,0,,1,0,0,,,0.19921567132997942,0.5269142485456596,64,53,48,Selenoprotein W levels,1e-133,175,,,2026-08-14T03:37:40
LRPAP1,A,P30533,100,Depressive symptoms,0.0498460636270342,0.00460653226339177,1,prot-c-3640_14_3,7,Rare isolated myopia,0.765,7,0,,1,0,0,,,7.514869256141222e-15,1.332646656571248,117,14,26,Circulating LRPAP1 levels,8e-324,262,,,2026-08-14T03:37:54
LRRC15,A,Q8TF66,81,Non-cancer illness code  self-reported: gastro-oesophageal reflux (gord)  or  gastric reflux,0.0923221501317541,0.00111776893820975,0,,2,Atypical behavior,0.073,2,0,,0,0,0,CHEMBL4295907,0,0.006689268977251881,2.4419989877388923,47,10,17,Leucine-rich repeat-containing protein 15 levels,2e-178,177,3,,2026-08-14T03:38:10
LRRC19,A,Q9H756,47,Forearm bone mineral density,0.0556325394370554,0.00544463968231285,0,,4,sign or symptom,0.06,4,0,,0,0,0,,,8.912134395351042e-12,1.3258277234520954,13,1,0,Emphysema annual change measurement in smokers (adjusted lung density),7e-6,155,,,2026-08-14T03:38:21
LRRC4C,A,Q9HCJ2,102,Depressive symptoms,0.080291971,0.005959526,0,,30,alcohol drinking,0.671,14,0,,0,0,0,,,0.9999530142409783,0.31311770169959435,122,114,101,Bone mineral density mean,1e-300,93,,,2026-08-14T03:38:38
LRRN1,A,O75427,98,Forced expiratory volume in 1-second (FEV1),0.0366778455284553,3.84920445311775e-05,0,,25,alcohol drinking,0.682,15,0,,0,0,0,,,0.9932983681686781,0.4783942313884413,74,8,12,Circulating LRRN1 levels,2e-55,206,,,2026-08-14T03:38:50
LSAMP,A,Q13449,113,Non-cancer illness code  self-reported: sleep apnoea,0.550564867,0.000339885,1,prot-c-2999_6_2,23,insomnia,0.633,14,0,,0,0,0,,,0.9999551597218489,0.3407452338808152,238,216,304,Height,4e-82,74,,,2026-08-14T03:39:05
LY9,A,Q9HBG7,76,Inflammatory bowel disease,0.105014378145219,4.03577823115975e-05,1,prot-c-3324_51_1,1,CINCA syndrome,0.304,1,0,,1,0,0,CHEMBL3559386,2,8.348339200670652e-19,1.1344887505493162,135,27,68,Circulating LY9 levels,2e-1425,135,,,2026-08-14T03:39:23
LYG1,A,Q8N1E2,9,Femoral neck bone mineral density,0.142121939510322,0.0278607012198902,0,,9,inflammatory bowel disease,0.337,9,0,,0,0,0,,,1.927665801547867e-05,1.1767466725723634,24,4,3,Late effect (PheCode 1012),1e-12,51,,,2026-08-14T03:39:34
LYVE1,A,Q9Y5Y7,76,Diagnoses - main ICD10: N40 Hyperplasia of prostate,0.48844384,3.63e-06,1,prot-c-3206_4_2,6,hypothyroidism,0.316,5,0,,0,0,0,,,,,93,16,9,LYVE1 protein levels,8e-88,69,,gnomad,2026-08-14T03:40:16
LYZ,A,P61626,114,Body mass index (BMI),0.0217972544878564,1.83171326660105e-05,1,prot-c-4920_10_1,13,familial visceral amyloidosis,0.756,12,0,,6,0,0,CHEMBL2297,0,1.4880503240357163e-07,1.6902963603999397,94,107,150,Lysozyme C levels,4e-543,118,,,2026-08-14T03:40:31
MAN1A2,A,O60476,79,Clear cell ovarian cancer,-0.670952381,0.000824577,0,,12,insomnia,0.535,12,0,,0,0,0,,,0.9947038165373085,0.47639202874389225,109,36,48,"Mannosyl-oligosaccharide 1,2-alpha-mannosidase IB levels",4e-110,73,,,2026-08-14T03:40:45
MAN1C1,A,Q9NR34,81,ER-negative Breast cancer (Combined Oncoarray; iCOGS; GWAS meta analysis),0.24127907,0.000817578,0,,7,placenta praevia,0.404,7,0,,0,0,0,,,1.265523932705919e-11,0.8693913571716363,84,23,23,"Mannosyl-oligosaccharide 1,2-alpha-mannosidase IC levels",7e-78,123,,,2026-08-14T03:40:59
MAN2B2,A,Q9Y2E5,108,Non-cancer illness code  self-reported: retinal detachment,0.264486245389569,0.0065054680316943,0,,6,congenital disorder of glycosylation type 1EE with or without immunodeficiency,0.674,6,0,,3,0,0,CHEMBL2682,0,,,106,12,31,Epididymis-specific alpha-mannosidase levels,8e-1296,453,,gnomad,2026-08-14T03:41:44
MANBA,A,O00462,124,Diastolic blood pressure  automated reading,-0.0222737669764117,1.61737506323581e-06,0,,30,beta-mannosidosis,0.902,12,0,,4,0,0,CHEMBL3903,0,3.701059592531164e-21,0.8965600729095005,113,76,95,Beta-mannosidase levels,2e-291,909,,,2026-08-14T03:42:06
MANEA,A,Q5SRI9,109,Height,-0.0124895920066611,5.38029128654715e-05,0,,19,preeclampsia,0.545,15,0,,0,0,0,,,2.2709598462923697e-06,0.9488151090213567,50,62,52,"Glycoprotein endo-alpha-1,2-mannosidase levels",2e-1586,99,,,2026-08-14T03:42:19
MANF,A,P55145,123,Height,-0.056265985,1.62e-07,0,,12,"diabetes, deafness, developmental delay, and short stature syndrome",0.733,10,0,,2,0,0,,,0.10106421745612999,0.822098637252663,107,,,,,50,,,2026-08-14T03:42:38
MANSC1,A,Q9H8J5,105,Diagnoses - main ICD10: R55 Syncope and collapse,0.21283791569554,0.000884754216084361,0,,9,hypothyroidism,0.077,7,0,,0,0,0,,,5.122534763787055e-05,1.4620887663282989,58,17,11,MANSC domain-containing protein 1 levels,3e-152,128,,,2026-08-14T03:42:53
MANSC4,A,A6NHS7,100,Type 2 diabetes,-0.0766056903272602,0.000819585134096872,0,,23,type 2 diabetes mellitus,0.655,14,0,,0,0,0,,,0.00014635560062514313,1.5987895786585,102,9,14,MANSC domain-containing protein 4 levels,1e-569,80,,,2026-08-14T03:43:08
MAP2K2,A,P36507,124,Diastolic blood pressure  automated reading,-0.0167500168236878,0.00131097061869962,1,prot-c-3628_3_4,7,cardiofaciocutaneous syndrome,0.89,7,0,,7,0,0,CHEMBL2964,16,0.0002469002268557144,0.7727246220982878,106,65,82,Hematological traits (multi-trait analysis),2e-131,1072,,,2026-08-14T03:43:25
MAP2K4,A,P45985,98,HDL cholesterol,-0.168665667166417,7.8422118782151e-38,1,prot-c-5242_37_3,4,breast carcinoma,0.344,4,0,,0,0,0,CHEMBL2897,0,0.9999999918005807,0.1888946535242855,82,71,174,Height,7e-41,73,1,,2026-08-14T03:43:41
MAPK13,A,O15264,109,Red blood cell count,0.0382190701339638,5.30726395429544e-05,1,prot-c-5006_71_1,3,attention deficit-hyperactivity disorder,0.438,3,0,,0,0,0,CHEMBL2939,0,3.342986994121057e-10,0.9515041245810936,50,6,5,SEMA3G protein levels,6e-57,79,,,2026-08-14T03:43:56
MAPKAPK2,A,P49137,119,Ulcerative colitis,0.229658386997853,4.83872493503929e-08,1,prot-c-3820_68_2,6,migraine disorder,0.553,6,0,,1,0,0,CHEMBL2208,1,0.9999968021070301,0.32185723837000985,57,10,10,MAP kinase-activated protein kinase 2 levels,8e-129,77,,,2026-08-14T03:44:12
MAPKAPK3,A,Q16644,117,Non-cancer illness code  self-reported: gout,0.0475022569314965,0.0131309400172272,1,prot-c-3822_54_2,9,patterned macular dystrophy 3,0.615,7,0,,2,0,0,CHEMBL4670,0,5.2980758808635015e-09,0.9425763878147473,58,22,22,Hematological traits (multi-trait analysis),8e-31,335,,,2026-08-14T03:44:28
MASP1,A,P48740,106,Systolic blood pressure  automated reading,-0.0208711637193383,0.00408535604350942,1,prot-c-3605_77_4,13,3MC syndrome 1,0.913,12,0,,5,0,0,CHEMBL4295768,0,9.483604571447028e-16,0.9503134332777832,61,43,60,Bone mineral density mean,1e-300,452,,,2026-08-14T03:44:43
MATN4,A,O95460,116,Mean cell haemoglobin,-0.18059181897302,0.00153523765487013,0,,8,holoprosencephaly,0.474,8,1,Oligomenorrhea,7,1,0,,,1.6959938524075057e-10,0.9530175472809587,62,9,11,WFDC12 protein levels,1e-61,134,,,2026-08-14T03:44:55
MBL2,A,P11226,115,Heel bone mineral density (BMD) T-score  automated,0.0190300728078506,3.88498641788516e-08,1,prot-c-3000_66_1,25,bone fracture,0.705,15,0,,2,0,0,CHEMBL1795113,0,0.14833828606690114,0.9351858289001211,121,33,79,Mannose-binding protein C levels,3e-1289,149,,,2026-08-14T03:45:16
MCAM,A,P43121,104,Serum creatinine (eGFRcrea),-0.0291666666666667,2.66914980318127e-05,0,,2,CBL-related disorder,0.195,2,0,,1,0,0,CHEMBL3712863,1,3.60543520671172e-13,0.8700837878796164,83,14,15,ITGB1/MCAM protein level ratio,2e-165,165,,,2026-08-14T03:45:32
MED1,A,O95243,3,Pancreatic cancer,0.175993492221273,0.125146972991332,1,prot-c-3891_56_1,3,asthma,0.355,3,0,,0,0,0,CHEMBL5723573,0,1,0.21023320437866766,112,31,32,Hematological traits (multi-trait analysis),4e-95,194,,,2026-08-14T03:45:49
MENT,A,Q9BUN1,76,Diagnoses - main ICD10: R10 Abdominal and pelvic pain,-0.414948049,0.001755131,0,,6,obesity disorder,0.321,5,0,,0,0,0,,,,,,,,,,,,,2026-08-14T03:46:02
METAP2,A,P50579,108,Mean platelet volume,-0.0813449023861171,4.11583390922794e-67,1,prot-c-3170_6_1,3,preeclampsia,0.441,3,0,,0,0,0,CHEMBL3922,2,0.15762532432948095,0.5876191944097969,70,16,16,Height,7e-65,63,,,2026-08-14T03:46:17
METTL24,A,Q5JXM2,78,Diagnoses - main ICD10: R11 Nausea and vomiting,0.519228611,0.001324813,0,,13,COVID-19,0.47,13,0,,0,0,0,,,1.5775563925035638e-09,1.2084621566458338,58,23,18,USP8/WASF1 protein level ratio,6e-1016,100,,,2026-08-14T03:46:28
MFAP2,A,P55001,75,Forced vital capacity (FVC),0.109552339604438,3.48091778679522e-30,0,,10,Abnormality of the skeletal system,0.887,8,0,,1,0,0,,,1.1143589582947629e-06,1.0654429689792906,86,65,131,Height,1e-300,66,,,2026-08-14T03:46:41
MFGE8,A,Q08431,120,Creatinine (enzymatic) in urine,0.0273526409232135,0.0087371320544651,1,prot-c-4455_89_2,12,angina pectoris,0.535,10,0,,0,0,0,CHEMBL3713343,1,5.868709975864378e-10,1.0634145598889273,127,20,39,Circulating MFGE8 levels,2e-699,132,,,2026-08-14T03:47:04
MGAT2,A,Q10469,117,Forced vital capacity (FVC),0.0344628527449974,0.000689812254118956,0,,10,MGAT2-congenital disorder of glycosylation,0.834,10,0,,5,0,0,CHEMBL2321630,0,0.009253131921356678,0.7554737596248496,21,,,,,185,,,2026-08-14T03:47:21
MGAT4B,A,Q9UQ53,62,Weight,-0.0239759023576048,0.00177616104882537,0,,2,neoplasm,0.267,1,0,,0,0,0,,,3.032942775518784e-05,0.6740607641871436,54,7,9,"Alpha-1,3-mannosyl-glycoprotein 4-beta-N-acetylglucosaminyltransferase B levels",2e-198,174,,,2026-08-14T03:47:33
MGP,A,P08493,102,Heel bone mineral density (BMD) T-score  automated,0.0545283018867924,6.42017299659548e-06,0,,12,Keutel syndrome,0.794,12,0,,7,0,0,,,6.451269978990756e-05,1.4219606784996823,39,3,3,Hand grip strength left (UKB data field 46),3e-30,179,,,2026-08-14T03:47:46
MIA,A,Q16674,110,Creatinine (enzymatic) in urine,0.00949247416244711,0.00203867502929768,1,prot-c-2687_2_1,8,Kawasaki disease,0.5,7,0,,0,0,0,CHEMBL614725,0,8.546315665911264e-07,1.4409260205944068,148,35,43,Circulating MIA levels,5e-2954,30,,,2026-08-14T03:48:05
MIF,A,P03971,117,Non-cancer illness code  self-reported: gout,0.143369511284205,0.00956790282844285,2,prot-c-4923_79_1;prot-c-5356_2_3,2,systemic-onset juvenile idiopathic arthritis,0.304,2,0,,2,0,0,CHEMBL2085,2,1.1970552460937297e-07,2.15708102621375,112,70,110,Glutathione S-transferase theta-2B levels,2e-447,162,,,2026-08-14T03:48:23
MILR1,A,Q7Z6M3,80,Body mass index (BMI),0.0267710505836576,0.00934146245955357,0,,5,"progressive external ophthalmoplegia with mitochondrial DNA deletions, autosomal dominant 4",0.833,4,0,,4,0,0,,,2.7642819594773174e-15,2.262278492424135,47,31,30,Circulating MILR1 levels,2e-754,586,,,2026-08-14T03:48:35
MINPP1,A,Q9UNW1,63,Diastolic blood pressure  automated reading,0.0233280346820809,0.00370785911322325,0,,11,"pontocerebellar hypoplasia, type 16",0.913,10,0,,7,0,0,,,6.193716633226678e-06,0.8321134622369198,23,24,12,SNCG protein levels,4e-56,139,,,2026-08-14T03:48:47
MLN,A,P12872,102,Body mass index (BMI),0.0514765851636966,4.84806692905067e-05,0,,30,rheumatoid arthritis,0.674,12,0,,0,0,0,CHEMBL5214853,0,8.252105557668578e-06,1.6408928178032594,139,51,71,MLN/TNFRSF12A protein level ratio,4e-737,26,,,2026-08-14T03:49:07
MMP1,A,P03956,97,Diagnoses - main ICD10: K20 Oesophagitis,0.200543161308852,0.000742813210954877,1,prot-c-4924_32_1,3,ovarian dysfunction,0.541,3,0,,0,0,0,CHEMBL332,5,2.5500375552680878e-18,1.2994042740429934,153,7,17,MMP10 protein levels,1e-94,172,,,2026-08-14T03:49:26
MMP10,A,P09238,72,Eczema,0.233321466181198,0.0122208336438914,1,prot-c-3743_1_2,3,respiratory tract infectious disorder,0.19,2,0,,1,0,0,CHEMBL4270,0,8.069808899769828e-18,1.2898275131294514,168,17,31,Circulating MMP10 levels,2e-597,119,,,2026-08-14T03:49:48
MMP12,A,P39900,101,Eczema,0.131640149658188,0.00015175134323674,1,prot-c-4496_60_2,14,atopic eczema,0.735,13,0,,0,0,0,CHEMBL4393,3,9.112636213223048e-20,1.4237393975263548,169,27,58,Circulating MMP12 levels (id: OID00456_OID21439),7e-2537,66,,,2026-08-14T03:50:07
MMP7,A,P09237,106,Diagnoses - main ICD10: R55 Syncope and collapse,0.178771007779174,0.00688321037398958,1,prot-c-2789_26_2,2,prostate carcinoma,0.745,2,0,,0,0,0,CHEMBL4073,4,3.902535298250459e-08,1.1470316913109881,65,31,68,Circulating MMP7 levels (id: OID00441_OID20087),4e-661,75,,,2026-08-14T03:50:23
MMP8,A,P22894,168,Height,-0.0985221674876847,5.48168265269009e-06,1,prot-c-2954_56_2,1,response to stimulus,0.457,1,0,,0,0,0,CHEMBL4588,5,1.1938955263109487e-28,1.6046404945974886,120,19,26,MMP8/OLR1 protein level ratio,2e-1504,118,,,2026-08-14T03:50:44
MMP9,A,P14780,139,Non-cancer illness code  self-reported: hypothyroidism or myxoedema,0.0817247235948854,0.0150391271992475,1,prot-c-2579_17_5,6,metaphyseal anadysplasia,0.796,6,0,,1,0,0,CHEMBL321,5,3.7800549435859446e-24,1.1613161974834318,142,60,70,MMP9/OSM protein level ratio,3e-346,519,,,2026-08-14T03:51:06
MPO,A,P05164,404,Sleep duration,0.0159639335512873,0.00065822817199956,1,prot-c-2580_83_2,4,myeloperoxidase deficiency,0.874,4,0,,3,0,0,CHEMBL2439,1,2.125081911727115e-16,1.023714220356618,105,64,136,Circulating MPO levels,3e-475,177,,,2026-08-14T03:51:25
MPZ,A,P25189,88,HDL cholesterol,0.0668647845468053,0.000537097369288895,0,,27,Charcot-Marie-Tooth disease type 1B,0.947,15,3,neuropathy,25,2,0,,,0.0635652747867579,0.7409010367669939,79,15,19,Neutrophil count,4e-44,760,,,2026-08-14T03:51:46
MRC2,A,Q9UBG0,74,Diagnoses - main ICD10: I80 Phlebitis and thrombophlebitis,0.536335172229761,1.87536507335362e-05,1,prot-c-3041_55_2,9,abdominal aortic aneurysm,0.735,9,0,,0,0,0,,,0.3112979915352863,0.4882971462143036,70,41,62,MATN3 protein levels,1e-85,239,,,2026-08-14T03:51:58
MSMB,A,P08118,116,Cancer code  self-reported: prostate cancer,-0.277216879,7.81e-13,0,,18,prostate carcinoma,0.854,12,0,,0,0,0,,,0.00032769205385374143,1.6162564126443442,43,33,69,Circulating MSMB levels,7e-5547,91,,,2026-08-14T03:52:11
MSR1,A,P21757,112,Myocardial infarction,-0.128684625492773,0.000476235572897053,1,prot-c-3684_78_3,29,Barrett esophagus,0.63,13,0,,6,0,0,CHEMBL5811,0,1.9298300058018903e-20,1.4103019322809414,117,90,112,Circulating MSR1 levels,7e-323,239,,,2026-08-14T03:52:28
MTHFS,A,P49914,122,Non-cancer illness code  self-reported: hayfever or allergic rhinitis,-0.174496417721922,0.00267504977749316,0,,3,"neurodevelopmental disorder with microcephaly, epilepsy, and hypomyelination",0.806,3,0,,1,0,0,,,0.049257420870893,1.0327963337796633,71,30,44,5-formyltetrahydrofolate cyclo-ligase levels,5e-315,83,,,2026-08-14T03:52:43
MTRF1L,A,Q9UGC7,105,PGC cross-disorder traits,0.283789260896673,9.35140627625483e-05,0,,12,ovarian benign neoplasm,0.459,11,0,,0,0,0,,,8.092459312659262e-08,0.9888130420324277,79,7,6,"Peptide chain release factor 1-like, mitochondrial levels",8e-521,83,1,,2026-08-14T03:52:59
MUC16,A,Q8WXI7,68,Non-cancer illness code  self-reported: asthma,0.0565078925993555,1.89366508210645e-07,0,,7,alcohol drinking,0.696,6,0,,0,0,0,CHEMBL3580482,4,2.2477254812521694e-155,0.8099446641092592,43,69,22,Mucin-16 levels,2e-36,719,1,,2026-08-14T03:53:16
MUL1,A,Q969V5,101,Glioma,0.580918704607946,0.000502897034300473,0,,3,jaw disease,0.337,2,0,,0,0,0,,,9.509638229876877e-10,1.1923680484738493,66,6,7,CDA protein levels,6e-18,92,,,2026-08-14T03:53:28
MXRA7,A,P84157,110,Pulse rate,-0.0821777292576419,1.22012805241709e-05,0,,4,COVID-19,0.421,4,0,,0,0,0,,,4.346701709661415e-07,1.530742527055412,59,22,30,Bone mineral density mean,1e-300,62,,,2026-08-14T03:53:42
NAAA,A,Q02083,110,Rheumatoid arthritis,-0.0889519857236682,0.00395831089386011,1,prot-c-3173_49_2,6,Tietze syndrome,0.41,5,0,,0,0,0,CHEMBL4349,0,3.1706110872094413e-12,1.1365844242247443,93,22,40,Circulating NAAA levels,2e-2150,110,,,2026-08-14T03:54:05
NAALAD2,A,Q9Y3Q0,217,Celiac disease,0.4174399215899,8.96918071862524e-07,0,,21,actinic keratosis,0.525,14,0,,0,0,0,CHEMBL2609,0,1.8288278208442681e-28,1.1098755001030003,40,24,45,X-12748 levels,9e-249,144,,,2026-08-14T03:54:26
NAGK,A,Q9UJ70,114,Forearm bone mineral density,0.134652777777778,0.00656837371574403,1,prot-c-3894_15_2,4,response to xenobiotic stimulus,0.195,4,0,,0,0,0,CHEMBL4295978,0,1.9624831418599558e-10,1.0817461525447085,48,14,20,NAGK protein levels,6e-206,102,,,2026-08-14T03:54:45
NAGPA,A,Q9UK23,81,Hearing difficulty or problems: Yes,-0.0369622928016396,0.00621077172761035,0,,13,Kawasaki disease,0.505,13,0,,1,0,0,CHEMBL5920,0,4.872163465327767e-22,1.4412877835573816,71,21,23,NAGPA protein levels,4e-104,201,,,2026-08-14T03:55:03
NAPB,A,Q9H115,90,Non-cancer illness code  self-reported: enlarged prostate,0.283165014171046,0.00259908499484605,0,,4,abortion,0.317,4,0,,3,0,0,,,3.4681380100884336e-05,0.8076912371997531,39,4,3,Cystatin C levels,8e-200,74,,,2026-08-14T03:55:15
NAT1,A,P18440,102,Bipolar disorder,0.400602411923016,0.00305524473663707,0,,12,lagophthalmos,0.517,11,0,,0,0,0,CHEMBL222,20,,,51,29,26,Bone mineral density mean,1e-300,150,1,,2026-08-14T03:55:33
NCAM1,A,P13591,225,Pancreatic cancer,1.65046796595732,0.000180220326920434,1,prot-c-4498_62_2,30,major depressive disorder,0.804,10,0,,0,0,0,CHEMBL3712938,3,1,0.1994075249964264,185,195,298,Circulating NCAM1 levels,2e-426,73,1,,2026-08-14T03:55:55
NCAM2,A,O15394,102,Fractured or broken bones in last 5 years,-0.071235378,0.003392207,0,,30,smoking initiation,0.686,14,0,,0,0,0,,,0.9999898940410448,0.4146904097834489,89,48,71,ENG/NCAM2 protein level ratio,2e-499,234,,,2026-08-14T03:56:19
NCR1,A,O76036,13,Clear cell ovarian cancer,-0.427348066,0.027214831,1,prot-c-5104_57_3,2,alcohol drinking,0.263,2,0,,0,0,0,CHEMBL6066290,0,3.573545653492017e-10,1.252282332627615,133,23,39,Circulating FCAR levels,3e-1287,247,,,2026-08-14T03:56:53
NDC80,A,O14777,90,Diagnoses - main ICD10: M72 Fibroblastic disorders,0.378263202155623,0.00247550646113512,0,,20,alcohol drinking,0.525,15,0,,0,0,0,CHEMBL5660,0,1.9643734862888644e-18,0.9439514162475585,22,4,0,Tinnitus,5e-7,224,,,2026-08-14T03:57:09
NEGR1,A,Q7Z3B1,119,Body mass index (BMI),-0.101906081,3.92e-10,0,,30,major depressive disorder,0.848,12,0,,0,0,0,,,0.9994274491682313,0.4151580661012651,182,133,215,Educational attainment,2e-71,105,,,2026-08-14T03:57:27
NELL1,A,Q92832,189,Diagnoses - main ICD10: R14 Flatulence and related conditions,0.422954946532854,0.000887446423322636,0,,25,type 2 diabetes mellitus,0.551,15,0,,0,0,0,,,3.1916583432080406e-18,0.8560818359152693,119,76,53,ERBB4/NELL1 protein level ratio,7e-664,172,,,2026-08-14T03:57:41
NEO1,A,Q92859,93,Pulse rate,-0.101426074799021,3.78762869512081e-05,0,,14,dentures,0.758,12,0,,0,0,0,,,0.8498953899240771,0.48660166028438306,89,66,79,Bone mineral density mean,1e-64,302,,,2026-08-14T03:57:55
NFASC,A,O94856,169,Diagnoses - main ICD10: I84 Haemorrhoids,0.0917222632670643,0.000478269909279675,0,,10,neurodevelopmental disorder with central and peripheral motor dysfunction,0.851,9,0,,3,0,0,,,0.9999999982759183,0.3759942186021758,128,52,64,Circulating CNTN2 levels,6e-1074,371,,,2026-08-14T03:58:13
NHLRC3,A,Q5JS37,80,Body mass index (BMI),0.0192829596412556,0.00934146245955357,0,,22,musculoskeletal system disorder,0.45,15,0,,0,0,0,,,2.3855464445122557e-06,1.0168910048148696,44,5,5,NHLRC3 protein levels,5e-231,115,,,2026-08-14T03:58:31
NID1,A,P14543,106,Non-cancer illness code  self-reported: high cholesterol,0.0493839946047712,0.00959388501778679,1,prot-c-3213_65_2,11,isolated Dandy-Walker malformation without hydrocephalus,0.608,11,0,,7,0,0,,,3.290703053922365e-13,0.7044323622508283,92,34,42,Circulating NID1 levels,6e-137,381,,,2026-08-14T03:58:44
NID2,A,Q14112,106,Fractured bone site(s): Other bones,0.0987909890974088,4.32257624795578e-05,1,prot-c-3633_70_1,20,hearing loss disorder,0.74,14,0,,1,0,0,,,9.995710621457176e-14,0.685180641135412,75,61,99,APP/NID2 protein level ratio,2e-4580,327,,,2026-08-14T03:59:02
NLGN2,A,Q8NFZ4,107,Diagnoses - main ICD10: R14 Flatulence and related conditions,1.081976124,0.00014368,0,,6,seasonal allergic rhinitis,0.215,5,0,,1,0,0,,,0.9999593677178824,0.37449671841162524,148,13,22,Sex hormone-binding globulin levels,1e-307,303,,,2026-08-14T03:59:21
NMB,A,P08949,112,Schizophrenia,0.395718485,1.25e-08,0,,19,schizophrenia,0.54,12,0,,0,0,0,CHEMBL3712919,2,4.6229556417593276e-05,1.660822704774833,61,8,8,Height (baseline),4e-26,93,,,2026-08-14T03:59:37
NMRAL1,A,Q9HBL8,68,Diagnoses - main ICD10: L03 Cellulitis,-0.517140126015211,0.003809559775193,0,,4,"osteoarthritis, knee",0.307,4,0,,0,0,0,CHEMBL4802017,0,6.484302429074897e-13,1.5604031223404211,93,11,10,NmrA-like family domain-containing protein 1 levels,4e-602,121,,,2026-08-14T03:59:52
NOG,A,Q13253,71,Non-cancer illness code  self-reported: hypertrophic cardiomyopathy (hcm  or  hocm),1.00495730999603,7.74396097287892e-05,0,,27,proximal symphalangism 1A,0.922,14,0,,9,0,0,,,0.9969716833111986,0.35270088056366933,101,88,142,Height,1e-300,266,,,2026-08-14T04:00:08
NOV,A,Q9UIW2,114,Diastolic blood pressure  automated reading,-0.120858992805755,1.99279816381792e-17,0,,1,"intellectual disability, X-linked, syndromic, 35",0.822,1,0,,1,0,0,,,,,1,,,,,,,,2026-08-14T04:00:30
NPC2,C,P61916,0,,,,0,,21,"Niemann-Pick disease, type C2",0.938,15,0,,15,0,0,,,6.993262265942048e-05,1.2883494691227915,85,18,22,Height,2e-108,330,,mr_outcomes,2026-08-14T04:01:12
NPNT,A,Q6UXI9,74,Forced expiratory volume in 1-second (FEV1),0.074066561,6.26e-11,0,,22,chronic obstructive pulmonary disease,0.904,13,0,,1,0,0,,,4.031855961501493e-10,0.8409299873052196,52,72,99,Lung function (FEV1/FVC),4e-181,149,,,2026-08-14T04:01:47
NPPB,A,P16860,4,Neuroblastoma,0.215507769245373,0.184742225197688,1,prot-c-3723_1_2,7,hypertensive disorder,0.76,7,0,,0,0,0,,,2.1305667124889324e-05,1.6322819265572792,241,49,78,Circulating NTproBNP levels (id: OID01214_OID20125),7e-506,84,,,2026-08-14T04:02:23
NPTX1,A,Q15818,116,Body mass index (BMI),-0.0368373540856031,6.09760697946199e-06,0,,12,spinocerebellar ataxia 50,0.806,12,0,,2,0,0,,,0.9805477708662896,0.502763573717132,51,22,27,Cerebrospinal fluid protein KIAA0232 levels,3e-309,92,,,2026-08-14T04:02:35
NPTXR,A,O95502,74,Diagnoses - main ICD10: R11 Nausea and vomiting,0.43182408,2.11e-06,0,,4,insomnia,0.59,3,0,,0,0,0,,,0.6637729057274356,0.6041676403334173,66,21,25,Circulating NPTXR levels,5e-1848,119,,,2026-08-14T04:03:02
NPW,A,Q8N729,99,Weight,0.0251420534458509,1.99409462647914e-05,0,,1,hypertensive disorder,0.16,1,0,,0,0,0,,,0.003175226471092212,1.4598260439016653,106,5,6,Neuropeptide W levels,3e-238,93,,,2026-08-14T04:03:18
NQO1,A,P15559,132,Body mass index (BMI),-0.019906641771139,1.55846556988607e-06,0,,5,smoking initiation,0.306,4,0,,0,0,0,CHEMBL2169730,0,2.7225337951574244e-10,1.2694146624271962,102,53,57,NAD(P)H dehydrogenase [quinone] 1 levels,2e-320,317,9,,2026-08-14T04:03:33
NQO2,A,P16083,17,Amygdala volume,-12.25034483,0.051076715,0,,1,intermediate coronary syndrome,0.234,1,0,,0,0,0,CHEMBL3959,0,6.485962814427524e-06,1.2119131614592822,59,13,27,Ribosyldihydronicotinamide dehydrogenase [quinone] levels,5e-803,106,1,,2026-08-14T04:03:52
NR1D2,A,Q14995,121,Diagnoses - main ICD10: K80 Cholelithiasis,0.284582626070397,0.000109340688821811,0,,16,mathematical ability,0.62,14,0,,1,0,0,CHEMBL1961784,0,0.005168865479204831,0.6684040161590189,58,39,49,Height,2e-51,111,,,2026-08-14T04:04:07
NRCAM,A,Q92823,106,Non-cancer illness code  self-reported: high cholesterol,-0.216136679444181,1.70381834955157e-05,1,prot-c-5109_24_3,11,neurodevelopmental disorder with neuromuscular and skeletal abnormalities,0.915,11,0,,5,0,0,,,2.5833750810918477e-11,0.6364529878088692,78,27,49,IL6ST/NRCAM protein level ratio,7e-493,288,,,2026-08-14T04:04:20
NRP1,A,Q92832,216,ER-negative Breast cancer (Combined Oncoarray; iCOGS; GWAS meta analysis),-0.113443872004188,0.00124195434813621,1,prot-c-3214_3_2,28,migraine disorder,0.561,15,0,,0,0,0,CHEMBL5482974,0,0.9999348835433194,0.4349742602967671,108,108,135,Circulating NRP1 levels,8e-557,360,1,,2026-08-14T04:04:41
NRP2,A,Q99435,109,Small vessel disease,-0.569723018147087,0.00194370877197788,0,,29,esophageal disorder,0.666,13,0,,1,0,0,CHEMBL5482995,0,8.475210820781932e-05,0.5935770976012007,120,33,35,NRP2 protein levels,1e-135,430,1,,2026-08-14T04:04:59
NT5C,A,Q8TCD5,65,Diagnoses - main ICD10: K40 Inguinal hernia,0.14246838880463,0.00369900859740545,0,,1,type 2 diabetes mellitus,0.308,1,0,,0,0,0,CHEMBL3751653,0,0.00010026607424935439,1.2406366696378377,45,6,6,Orotidine levels,1e-351,65,,,2026-08-14T04:05:15
NTM,C,Q6ZSK4,0,,,,0,,29,smoking initiation,0.681,15,0,,0,0,0,,,0.9879062771301399,0.49097080984259706,152,168,175,Neurotrimin levels,4e-244,144,,mr_outcomes,2026-08-14T04:05:46
NTN1,A,O95631,116,Diagnoses - main ICD10: B37 Candidiasis,0.528124361568489,0.00603007300540789,0,,22,mirror movements 4,0.816,15,0,,7,0,0,CHEMBL1741307,0,0.9999974836916186,0.33597306464447335,106,79,94,Netrin-1 levels,1e-184,140,,,2026-08-14T04:06:05
NTN4,A,Q9HB63,105,Myocardial infarction,0.147492263404102,0.00634486233224416,1,prot-c-3327_27_1,20,gout,0.796,13,0,,0,0,0,,,0.038858025058829314,0.5843188865307775,84,37,34,Netrin-4 levels,3e-54,92,,,2026-08-14T04:06:20
NTNG1,A,Q9Y2I2,85,Ovarian cancer,-0.113790354722997,0.00049037709888347,0,,26,obesity disorder,0.738,15,0,,2,0,0,,,0.9987447893830792,0.4497304365967893,68,111,99,Netrin-G1 levels,4e-545,102,1,,2026-08-14T04:06:32
NTRK3,A,Q16288,98,Alcohol intake frequency,-0.062799548,0.006697008,1,prot-c-2658_27_1,2,neoplasm,0.243,1,0,,1,0,0,CHEMBL5608,4,0.9999998427959886,0.3680190781293996,94,74,63,Bone mineral density mean,1e-300,179,,,2026-08-14T04:06:51
NUDT12,A,Q9BQG2,79,Heel bone mineral density (BMD) T-score  automated,0.0329992012779553,0.00440137982100636,0,,29,Back pain,0.552,14,0,,0,0,0,,,9.027171299415306e-14,1.1896708681174093,56,43,20,Bone mineral density mean,4e-89,105,,,2026-08-14T04:07:02
NUDT16L1,A,Q9BRJ7,92,Diagnoses - main ICD10: N81 Female genital prolapse,-0.185068643264799,0.0186184353821548,0,,3,systemic inflammatory response syndrome,0.049,3,0,,0,0,0,CHEMBL5724605,0,9.562116900356853e-08,1.6146575459740953,60,4,5,Height,1e-89,93,,,2026-08-14T04:07:22
NUDT9,A,Q9BW91,163,Underlying (primary) cause of death: ICD10: E85.4 Organ-limited amyloidosis,1.77993305865842,0.000970367508710906,0,,12,gout,0.703,12,0,,1,0,0,CHEMBL4105984,0,1.1277470974700564e-08,1.0203401078279395,80,10,13,SPARCL1 protein levels,8e-106,86,,,2026-08-14T04:07:37
OAF,A,Q86UD1,62,Cough on most days,0.0887818481260867,0.00240009150666062,0,,11,gout,0.685,9,0,,0,0,0,,,0.004485031424304946,0.9180886318527322,60,31,49,Out at first protein homolog levels,9e-384,92,,,2026-08-14T04:07:51
OAS1,A,P00973,102,Body mass index (BMI),-0.0340193631988153,0.000266137131432671,0,,16,pulmonary alveolar proteinosis with hypogammaglobulinemia,0.738,13,0,,1,0,0,,,1.8873799028372276e-05,0.8755984602107653,83,23,25,Gamma glutamyl transpeptidase,6e-44,404,,,2026-08-14T04:08:04
OBP2B,A,Q9NPH6,167,Diagnoses - main ICD10: D12 Benign neoplasm of colon  rectum  anus and anal canal,0.0839541225582499,0.00200624587099647,0,,0,,,0,0,,0,0,0,,,0.10662456415667192,0.7828410534752142,322,89,177,Serum alkaline phosphatase levels,3e-665,79,,,2026-08-14T04:08:34
OCIAD1,A,Q9NX40,112,Myocardial infarction,-0.121462325581395,0.000476235572897054,1,prot-c-3635_76_4,4,breast carcinoma,0.141,4,0,,0,0,0,CHEMBL6067371,0,4.733912050213712e-08,1.0152126544919164,48,12,12,COX5B protein levels,1e-66,77,,,2026-08-14T04:08:49
OLFM1,A,Q99784,76,Non-cancer illness code  self-reported: hiatus hernia,0.254088074,0.001896814,0,,18,Abnormality of the skeletal system,0.724,14,0,,0,0,0,,,0.9999979667879213,0.3159802121534611,132,85,123,FCN2 protein levels,9e-173,97,,,2026-08-14T04:09:05
OLFM2,A,O95897,62,Fractured bone site(s): Other bones,0.032903892,0.037558801,0,,7,Abnormality of the skeletal system,0.464,7,0,,0,0,0,,,0.03677920155233604,0.6613681415148426,47,23,25,Noelin-2 levels,8e-1001,93,,,2026-08-14T04:09:16
ORM1,A,P02763,74,Forced vital capacity (FVC),-0.0372911980440098,9.21228189710604e-05,0,,0,,,0,0,,0,0,0,CHEMBL6066515,0,0.039749907348284645,0.7680635109431697,101,85,101,Circulating TGFBI levels,4e-319,78,,,2026-08-14T04:09:35
OSBPL11,A,Q9BXB4,55,Non-cancer illness code  self-reported: muscle or soft tissue injuries,0.347616403592899,0.00356201279005778,0,,6,severe acute respiratory syndrome,0.481,6,0,,0,0,0,,,0.7238436692722529,0.522939307840952,33,9,6,Severe COVID-19 infection,1e-16,128,,,2026-08-14T04:09:48
OSCAR,A,Q8IYS5,95,Urinary albumin-to-creatinine ratio,0.282608696,0.002699796,0,,0,,,0,0,,0,0,0,,,1.3144781206904575e-08,1.2803492301566168,175,7,21,Circulating OSCAR levels,2e-729,87,,,2026-08-14T04:10:06
OSMR,A,Q99650,98,Cancer code  self-reported: prostate cancer,0.390446024,0.000376462,0,,23,"amyloidosis, primary localized cutaneous, 1",0.874,12,0,,3,0,0,CHEMBL4630885,1,1.5146385256267125e-22,0.9749940668775604,97,79,104,Circulating OSMR levels,6e-1800,247,,,2026-08-14T04:10:25
OXT,A,P01178,86,Creatinine (enzymatic) in urine,-0.013322257,0.000801507,0,,1,neurodevelopmental disorder,0.195,1,0,,1,0,0,CHEMBL5169107,0,0.0017911990577233043,1.404254597193439,68,16,15,CDHR2/OXT protein level ratio,1e-688,56,,,2026-08-14T04:10:43
PAM,A,P19021,122,Sleep duration,-0.0192301457975986,5.22578264968819e-06,0,,29,type 2 diabetes mellitus,0.757,13,1,type 2 diabetes mellitus,0,0,1,CHEMBL2544,0,6.445613576773503e-13,0.7175247343486585,151,101,224,Circulating PAM levels,1e-1412,159,,,2026-08-14T04:11:05
PARP16,A,Q8N5Y8,115,Serum creatinine (eGFRcrea),-0.0064650885219813,3.43623950261924e-06,0,,7,Genu varum,0.351,7,0,,0,0,0,CHEMBL4105981,0,4.292334541033136e-10,1.1940629684571575,26,4,2,IGDCC4 protein levels,3e-20,77,,,2026-08-14T04:11:20
PATE4,A,P0C8F1,92,HOMA-IR,-0.0352770284291347,7.70200085305909e-05,0,,4,stroke disorder,0.342,4,0,,0,0,0,,,1.4041384105642506e-06,2.4314140439914596,15,6,4,Prostate and testis expressed protein 4 levels,6e-77,83,,,2026-08-14T04:11:32
PCBD1,A,P61457,93,Lung adenocarcinoma,0.496333206,0.001645671,0,,14,Hyperphenylalaninemia,0.907,14,0,,4,0,0,,,3.021625925159513e-07,1.9300584882367287,38,2,3,Immature fraction of reticulocytes,3e-10,155,,,2026-08-14T04:11:46
PCDH9,A,Q9HC56,83,Systolic blood pressure  automated reading,0.04471391,0.000772802,0,,30,smoking initiation,0.718,14,0,,0,0,0,,,0.994061760382403,0.4782094212907507,122,86,124,PCDH9 protein levels,3e-223,243,,,2026-08-14T04:12:00
PCDHA7,A,Q9UN72,95,Eye problems or disorders: Glaucoma,0.331338737450332,6.71315613447375e-05,0,,4,Thrombocytosis,0.195,4,0,,1,0,0,,,2.516675340614332e-08,0.8505600575331274,43,19,22,Refractive error,6e-17,1491,,,2026-08-14T04:12:12
PCDHB2,A,Q9Y5E7,106,Bipolar disorder,0.394901442598248,0.00143345981467595,0,,0,,,0,0,,0,0,0,,,,,19,,,,,152,,,2026-08-14T04:12:25
PCOLCE,A,Q15113,119,Red blood cell count,-0.103644107903455,1.95250374987764e-18,0,,4,anemia (phenotype),0.124,4,0,,0,0,0,CHEMBL3898,0,2.2759951342827557e-08,0.9342705525570335,108,14,12,Hematological traits (multi-trait analysis),1e-113,111,,,2026-08-14T04:12:44
PCOLCE2,A,Q9UKZ9,89,Height,0.0308056872037915,1.46868476737894e-05,0,,12,Abnormality of the skeletal system,0.587,11,0,,0,0,0,,,2.1116385813189947e-13,1.1551752535489948,68,21,28,Bone mineral density mean,1e-300,108,,,2026-08-14T04:12:56
PCSK1,A,P29120,90,Weight,-0.017479271070615,1.10739390257701e-15,0,,30,obesity due to prohormone convertase I deficiency,0.859,15,0,,3,0,0,CHEMBL3182,0,3.243724358115568e-11,0.772203068196126,158,25,42,Neuroendocrine convertase 1 levels,1e-2086,492,,,2026-08-14T04:13:16
PCSK7,A,Q16549,136,Triglycerides,-0.0302145231141102,2.76730179155376e-08,1,prot-c-4459_68_2,21,hypothyroidism,0.416,12,0,,6,0,0,CHEMBL2232,0,2.3028258999508073e-05,0.6791330601346531,157,208,408,Proprotein convertase subtilisin/kexin type 7 levels,5e-1552,165,,,2026-08-14T04:13:39
PCSK9,A,Q8NBP7,64,Non-cancer illness code  self-reported: high cholesterol,0.277233958,3.74e-21,1,prot-c-5231_79_3,26,familial hypercholesterolemia,0.859,14,4,familial hypercholesterolemia,7,0,2,CHEMBL4630662,2,2.765187110917745e-18,1.1441346736692857,106,589,1493,Low density lipoprotein cholesterol levels,3e-1364,1569,,,2026-08-14T00:47:00
PCYOX1,A,Q9UHG3,122,Body mass index (BMI),0.015426203,0.000289108,0,,3,mathematical ability,0.384,1,0,,0,0,0,,,4.631470074764352e-16,1.2680144455874292,43,23,28,Prenylcysteine oxidase 1 levels,4e-704,99,,,2026-08-14T04:13:52
PDCD1LG2,A,Q9BQ51,178,Non-cancer illness code  self-reported: asthma,0.0416615181527113,0.0097779482526796,1,prot-c-3004_67_2,2,myxedema,0.557,2,0,,0,0,0,CHEMBL3713006,1,1.056386918260614e-12,1.524155918579602,108,27,71,Circulating PDCD1LG2 levels (id: OID00458_OID21273),5e-2776,222,,,2026-08-14T04:14:09
PDCD5,A,O14737,109,Serum creatinine (eGFRcrea),-0.00932203389830509,0.000966848284767555,0,,3,systemic lupus erythematosus,0.416,3,0,,0,0,0,CHEMBL6066424,0,6.906944190232079e-09,1.4895027168953356,73,64,99,Programmed cell death protein 5 levels,2e-178,43,,,2026-08-14T04:14:28
PDE5A,A,O76074,113,Non-cancer illness code  self-reported: uterine fibroids,0.181237033276115,0.000529386321120934,1,prot-c-5256_86_3,3,coronary artery disorder,0.715,3,0,,0,0,0,CHEMBL4523626,0,7.944129285560506e-13,0.7450143499870746,94,55,92,"cGMP-specific 3,5-cyclic phosphodiesterase levels",1e-162,167,,,2026-08-14T04:14:48
PDGFB,A,P01127,80,Non-cancer illness code  self-reported: deep venous thrombosis (dvt),0.328330010455838,4.56627009626111e-07,1,prot-c-4149_8_2,15,bilateral striopallidodentate calcinosis,0.83,14,0,,4,0,0,CHEMBL3108633,1,0.998438398199581,0.4082116110505702,68,48,67,Height,1e-49,231,,,2026-08-14T04:15:06
PDGFD,A,Q9GZP0,88,Hearing difficulty or problems: Yes,-0.0648117243528522,0.000294179765800122,0,,21,coronary artery disorder,0.631,15,0,,1,0,0,,,2.576934204391671e-07,0.9102202581880136,82,68,60,Serum levels of protein PDGFD,4e-245,171,,,2026-08-14T04:15:18
PDGFRA,A,P16234,69,Diagnoses - main ICD10: I83 Varicose veins of lower extremities,0.117947251564578,3.22304647920325e-05,0,,4,gastrointestinal stromal tumor,0.647,3,0,,3,0,0,CHEMBL2007,6,0.9999999999998103,0.2874198450211174,75,35,52,Circulating PDGFRA levels,2e-450,4021,,,2026-08-14T04:15:38
PDIA3,A,P30101,115,Breast cancer (Combined Oncoarray; iCOGS; GWAS meta analysis),0.175773196,3.2e-05,1,prot-c-4719_58_2,7,Intellectual disability,0.426,6,0,,1,0,0,CHEMBL4296001,0,0.9996987067889536,0.42711157019097945,30,11,10,Self-reported math ability (MTAG),1e-9,125,,,2026-08-14T04:15:59
PDIA5,A,Q14554,106,Platelet count,3.36081288343558,0.000287404095794395,0,,21,blood coagulation disease,0.482,12,0,,0,0,0,CHEMBL6067135,0,4.201160189293746e-15,0.9299356656536314,56,112,122,Protein disulfide-isomerase A5 levels,7e-1452,137,,,2026-08-14T04:16:14
PDK1,A,Q15118,93,Ferritin,0.0606855543896467,0.00194690598396945,1,prot-c-5227_60_3,6,prostate carcinoma,0.657,5,0,,0,0,0,CHEMBL2534,2,4.705785060710139e-10,0.9396680086707875,46,6,3,Height,8e-12,100,,,2026-08-14T04:16:30
PDLIM4,A,P50479,95,Height,0.041420118,4.01e-08,0,,16,dermatitis,0.572,13,0,,0,0,0,,,0.0002346897213523853,0.8901851279304344,146,29,32,PDZ and LIM domain protein 4 levels,2e-104,67,,,2026-08-14T04:16:47
PEAR1,A,Q5VY43,119,Systolic blood pressure  automated reading,0.0405033243486074,0.000317241066346462,0,,5,platelet aggregation,0.75,5,0,,0,0,0,,,5.569433596769309e-33,1.006769069892773,111,100,202,"neutrophil (absolute count, maximum, inv-norm transformed)",1e-323,210,15,,2026-08-14T04:17:02
PEBP1,A,P30086,74,Cancer code  self-reported: basal cell carcinoma,-0.20365374,0.011051739,1,prot-c-4276_10_2,1,prostate carcinoma,0.031,1,0,,0,0,0,CHEMBL4105856,0,3.370722144339365e-05,1.1228081084482253,58,5,8,Phosphatidylethanolamine-binding protein 1 levels,2e-117,34,,,2026-08-14T04:17:27
PENK,A,P01210,113,Height,-0.0322372662798195,2.31089124212718e-07,0,,8,type 2 diabetes mellitus,0.744,8,0,,0,0,0,,,1.7066080505254129e-09,1.4514390126219778,49,34,56,Proenkephalin-A levels,1e-236,89,,,2026-08-14T04:17:46
PF4V1,A,P10720,92,Forced expiratory volume in 1-second (FEV1),0.0137642697994734,0.00295290285513756,0,,0,,,0,0,,0,0,0,,,0.0931067297853703,1.3353934709401236,100,55,110,Circulating CXCL1 levels (id: OID00404_OID20762),1e-1222,52,,,2026-08-14T04:18:15
PGF,A,P49763,79,Diagnoses - main ICD10: M23 Internal derangement of knee,0.152679238255451,0.0030229649630824,1,prot-c-3078_1_2,2,hypothyroidism,0.546,2,0,,0,0,0,CHEMBL1697671,3,0.1767409938799683,0.7200181481956173,88,34,36,Circulating PGF levels (id: OID00384_OID20673),2e-202,56,,,2026-08-14T04:18:32
PGK1,A,P00558,155,Fasting glucose,0.04853833425262,0.0119273761398704,1,prot-c-5020_50_1,14,glycogen storage disease due to phosphoglycerate kinase 1 deficiency,0.906,14,0,,14,0,0,CHEMBL2886,0,0.9998897351425452,0.28771918594315665,9,4,4,Height,3e-30,544,,,2026-08-14T04:18:48
PGLYRP1,A,O75594,72,Forced vital capacity (FVC),-0.0263685424354244,0.00637184723846452,1,prot-c-3329_14_2,2,dementia,0.29,2,0,,0,0,0,,,2.0361224535645505e-07,1.6412042238355504,40,11,11,LCN2/PGLYRP1 protein level ratio,1e-819,58,,,2026-08-14T04:19:02
PGLYRP2,A,Q96PD5,81,Eye problems or disorders: Diabetes related eye disease,-0.263560834,0.019752683,0,,0,,,0,0,,0,0,0,,,2.4965643175444954e-11,1.0788675377345747,78,36,47,V(D)J recombination-activating protein 1 levels,5e-461,94,,,2026-08-14T04:19:16
PGM1,A,P36871,98,Cancer code  self-reported: prostate cancer,0.299198456,0.000616764,0,,12,PGM1-congenital disorder of glycosylation,0.926,12,0,,3,0,0,,,4.3802569369743294e-17,1.1788828656701296,57,37,48,Bone mineral density mean,1e-300,568,1,,2026-08-14T04:19:28
PI3,A,P19957,119,Systolic blood pressure  automated reading,0.0258078008519702,0.00174718449571702,1,prot-c-4982_54_1,5,placental abruption,0.293,4,0,,0,0,0,CHEMBL2189144,0,0.05956762501587926,1.535463987781906,54,12,17,Circulating PI3 levels,2e-584,28,,,2026-08-14T04:19:45
PIANP,A,Q8IYJ0,4,Neuroticism,0.026525198938992,0.133614402537716,0,,0,,,0,0,,0,0,0,,,0.03121694824460117,0.7582881400357471,74,4,6,PILR alpha-associated neural protein levels,1e-22,99,,,2026-08-14T04:19:59
PIP,A,P12273,112,Non-cancer illness code  self-reported: gastro-oesophageal reflux (gord)  or  gastric reflux,0.186836653,0.001845299,0,,2,chronic laryngitis,0.331,2,0,,0,0,0,CHEMBL1938222,2,0.004275262257407312,1.2283236515267424,12,9,8,Prolactin-inducible protein levels,1e-159,77,,pharmgkb,2026-08-14T04:20:46
PIR,A,O00625,110,Diagnoses - main ICD10: N20 Calculus of kidney and ureter,0.104146386608847,0.0115684931844407,0,,1,COVID-19,0.534,1,0,,0,0,0,CHEMBL2010627,0,1.1783584640956451e-07,1.298339060677828,16,6,13,Circulating VEGFD levels (id: OID00468_OID20662),9e-2227,223,,pharmgkb,2026-08-14T04:21:38
PKDCC,A,Q504Y2,126,Heel bone mineral density (BMD) T-score  automated,0.196550424,1.82e-35,0,,27,rhizomelic limb shortening with dysmorphic features,0.813,13,0,,3,0,0,,,5.135482248492809e-10,1.0381713378970778,149,81,207,Estimated bone mineral density,2e-120,308,,pharmgkb,2026-08-14T04:23:49
PLA2G2A,A,P14555,80,Cancer code  self-reported: prostate cancer,0.082948958,0.006493076,1,prot-c-2692_74_2,4,familial colorectal cancer,0.547,4,0,,1,0,0,CHEMBL3474,2,0.07568541477100882,1.0570187331907346,60,17,34,"Phospholipase A2, membrane associated levels",2e-1000,55,,,2026-08-14T04:24:23
PLA2R1,A,Q13018,103,Age at menopause,0.0886819643055094,6.33424836662398e-05,0,,15,membranous glomerulonephritis,0.87,15,0,,1,0,0,CHEMBL3713395,0,9.36224230907034e-43,0.9203808303363111,184,56,90,Circulating LY75 levels,3e-4883,248,,,2026-08-14T04:24:44
PLAT,A,P00750,98,Diagnoses - main ICD10: N81 Female genital prolapse,0.264944038,0.004116138,1,prot-c-2212_69_1,4,pulmonary embolism,0.195,3,0,,1,0,0,CHEMBL1873,8,2.3050920868103697e-10,0.8155647182271304,19,8,7,Circulating PLAT levels,1e-52,178,,,2026-08-14T04:25:01
PLAU,A,P00749,192,Crohn's disease,-0.408400821355236,4.72411883038428e-13,1,prot-c-4158_54_2,10,Quebec platelet disorder,0.549,9,0,,2,0,0,CHEMBL3286,1,1.8103210104767562e-07,0.8790059753840994,67,19,28,Circulating PLAU levels (id: OID00631_OID21124),6e-192,183,,,2026-08-14T04:25:22
PLAUR,A,Q03405,82,Non-cancer illness code  self-reported: diverticular disease or diverticulitis,0.297718102,0.003979151,1,prot-c-2652_15_1,9,abdominal aortic aneurysm,0.792,8,0,,0,0,0,CHEMBL4883,0,1.6336043447085587e-05,0.9412542476736478,108,155,238,Circulating TNFRSF10C levels,3e-5702,84,,,2026-08-14T04:26:08
PLEKHA7,A,Q6IQ23,96,Non-cancer illness code  self-reported: hypertension,0.0826505966331833,0.000103381575620038,0,,22,glaucoma,0.776,15,0,,1,0,0,CHEMBL4296241,0,1.3675774786117226e-19,0.720149199999636,115,76,102,Pleckstrin homology domain-containing family A member 7 levels,5e-694,311,,,2026-08-14T04:26:43
PLG,A,P00747,89,Weight,0.021155972168535,0.000516196831733335,3,prot-c-3710_49_2;prot-c-4150_75_2;prot-c-4151_6_2,17,hypoplasminogenemia,0.899,12,0,,3,0,0,CHEMBL1801,9,0.7583900079825187,0.5095054817970123,268,433,1073,Lipoprotein A levels (UKB data field 30790),1e-300,671,,,2026-08-14T04:27:14
PLXNA1,A,Q9UIW2,114,Forced vital capacity (FVC),-0.049424396,2.27e-05,0,,14,Dworschak-Punetha neurodevelopmental syndrome,0.887,14,0,,6,0,0,,,0.6294137580233669,0.4855317231995165,31,24,19,Bone mineral density mean,1e-300,1076,,,2026-08-14T04:27:27
PLXNB2,A,O15031,86,Heel bone mineral density (BMD) T-score  automated,-0.0336556914393227,1.87919301870313e-08,0,,9,cutaneous melanoma,0.78,7,0,,0,0,0,,,0.02120014536598839,0.5024200045842252,110,67,79,Circulating PLXNB2 levels,3e-2637,579,,,2026-08-14T04:27:43
PLXNC1,A,O60486,137,HOMA-B,-0.0208955223880597,0.00709594454353092,1,prot-c-4564_2_2,27,asthma,0.868,13,0,,0,0,0,,,0.02253467760614729,0.5101354613594611,84,68,82,Plexin-C1 levels,2e-220,213,,,2026-08-14T04:27:56
PMEL,A,P40967,76,Non-cancer illness code  self-reported: asthma,0.16308708761949,1.00574524823096e-06,0,,1,autoimmune disease,0.142,1,0,,0,0,0,CHEMBL3712988,2,3.0089322363344416e-15,1.0268827352770238,61,9,9,Melanocyte protein PMEL levels,5e-27,104,,,2026-08-14T04:28:16
PMP2,A,P02689,82,Diagnoses - main ICD10: K60 Fissure and fistula of anal and rectal regions,0.50265354515424,0.00133620262441183,0,,5,Charcot-Marie-Tooth disease type 1G,0.846,5,0,,4,0,0,CHEMBL3826864,0,0.0017977740388180178,1.1443207829314408,31,11,3,Circulating FABP9 levels,6e-11,183,,,2026-08-14T04:28:31
PNLIPRP1,A,P54315,68,Coronary heart disease,0.243859491778774,1.65561043564487e-06,0,,7,injury,0.461,5,0,,0,0,0,,,1.1441563294981728e-20,1.302050519676368,95,16,20,PNLIPRP2 protein levels,3e-58,100,,,2026-08-14T04:28:45
PNLIPRP2,A,P54317,107,LDL cholesterol,0.020433437,0.000406674,0,,4,Hypercholesterolemia,0.717,2,0,,0,0,0,CHEMBL2169728,0,7.484366027795634e-16,1.1637559646711408,95,78,126,PLA2G1B/PNLIPRP2 protein level ratio,2e-10063,47,,,2026-08-14T04:29:01
PNPLA3,C,Q9NST1,0,,,,0,,30,metabolic dysfunction-associated steatotic liver disease,0.869,15,0,,2,0,0,,,1.627590288931006e-14,1.2607805130187772,109,660,1195,Alanine aminotransferase levels,2e-495,216,2,,2026-08-14T00:48:17
POFUT1,A,Q9H488,99,Caudate volume,59.96975,0.000488946323383786,0,,8,Dowling-Degos disease,0.796,8,0,,2,0,0,,,0.7069725203666778,0.5729337784653402,41,23,24,GDP-fucose protein O-fucosyltransferase 1 levels,6e-274,176,,,2026-08-14T04:29:13
POFUT2,A,Q9Y2G5,65,Diagnoses - main ICD10: K80 Cholelithiasis,0.082540889881595,0.00178623468015462,0,,6,cataract,0.501,6,0,,0,0,0,,,4.4511903568062204e-05,0.7399087891329239,36,2,0,Suicide attempt severity in mood disorders,2e-6,190,,,2026-08-14T04:29:26
POGLUT1,A,Q8NBL1,116,Happiness,-0.0562426937738246,0.00025987986631331,0,,3,Dowling-Degos disease,0.782,3,0,,3,0,0,,,9.013443634453268e-05,0.7009056212505762,62,5,5,Serum levels of protein POGLUT1,5e-109,362,,pharmgkb,2026-08-14T04:29:49
POMC,A,P01189,82,Non-cancer illness code  self-reported: high cholesterol,-0.0733648644305837,3.47861230200055e-05,2,prot-c-2558_51_3;prot-c-4890_10_1,19,obesity due to pro-opiomelanocortin deficiency,0.827,15,0,,4,0,0,,,2.153854797819444e-07,1.505597954692517,101,18,20,POMC protein levels,1e-29,250,,pharmgkb,2026-08-14T04:30:35
POMGNT2,A,Q8NAT1,215,Bulimia nervosa,-0.0819854634981059,0.00270419589598485,0,,17,"muscular dystrophy-dystroglycanopathy (congenital with brain and eye anomalies), type a, 8",0.896,14,0,,5,0,0,,,5.520390553164127e-10,1.1381855567961472,101,37,53,"Protein O-linked-mannose beta-1,4-N-acetylglucosaminyltransferase 2 levels",2e-257,508,,pharmgkb,2026-08-14T04:31:22
PON1,A,P27169,116,Body mass index (BMI),0.0080333097762073,0.00995561969675638,1,prot-c-4261_55_2,6,amyotrophic lateral sclerosis,0.525,6,0,,1,0,0,CHEMBL3167,0,1.496122159119303e-12,1.2428560513758518,120,190,248,Circulating PON3 levels,2e-891,97,,pharmgkb,2026-08-14T04:32:03
POSTN,A,Q15063,77,Squamous cell lung cancer,0.39467898,0.000284567,1,prot-c-3457_57_1,14,smoking initiation,0.699,13,0,,0,0,0,,,3.371804646991837e-16,0.8278846302357458,67,16,25,POSTN protein levels,4e-192,196,,pharmgkb,2026-08-14T04:32:43
PPA1,A,Q15181,119,Age at menopause,-0.199352105656616,6.33424836662398e-05,1,prot-c-5021_13_1,1,frozen shoulder,0.093,1,0,,0,0,0,CHEMBL6067227,0,0.0003276860911322631,0.77974381489194,43,4,5,Inorganic pyrophosphatase levels,2e-103,74,,pharmgkb,2026-08-14T04:33:19
PPBP,A,P02775,104,Height,-0.0901408450704225,4.84410412635907e-06,2,prot-c-2790_54_2;prot-c-4544_4_3,3,injury,0.075,3,0,,0,0,0,,,0.0012586004764953195,1.7486715433806692,87,66,73,C-X-C motif chemokine 5 levels,8e-172,40,,,2026-08-14T04:33:41
PPID,A,Q08752,119,Ischemic stroke,-0.122729994013171,0.000590906845483247,1,prot-c-5202_4_3,9,frozen shoulder,0.419,9,0,,0,0,0,CHEMBL1697657,0,3.5421623499535756e-16,1.2464748152288743,31,35,48,Peptidyl-prolyl cis-trans isomerase D levels,2e-276,114,,,2026-08-14T04:33:57
PPIE,A,Q9UNP9,104,Body mass index (BMI),-0.0185271137787056,0.00424019543931473,1,prot-c-5238_26_3,3,diabetes mellitus,0.15,3,0,,0,0,0,CHEMBL6066227,0,0.0023678035998364166,0.7572027033057276,64,9,11,Peptidyl-prolyl cis-trans isomerase E levels,5e-240,91,,,2026-08-14T04:34:15
PPIL1,A,Q9Y3C6,81,Cigarettes smoked per day,0.507956600361664,0.0192407541945831,0,,8,"pontocerebellar hypoplasia, type 14",0.907,7,0,,5,0,0,CHEMBL5291529,0,0.00026018887315546027,1.1273693536525207,64,25,27,Peptidyl-prolyl cis-trans isomerase-like 1 levels,1e-451,56,,,2026-08-14T04:34:30
PPP2R3A,A,Q06190,103,Systolic blood pressure  automated reading,-0.0316827394209354,0.000733455386166011,0,,29,diabetes mellitus,0.654,15,0,,0,0,0,,,1.780584557180488e-20,0.9013892730638432,103,127,134,Height,1e-300,243,,,2026-08-14T04:34:44
PPP3CA;PPP3R1,A,,127,Inflammatory bowel disease,0.167229557185547,1.17625361858714e-08,0,,0,,,0,0,,0,0,0,CHEMBL2082,0,,,,108,122,Bone mineral density mean,1e-300,,,,2026-08-14T04:34:55
PPT1,A,P50897,71,Pallidum volume,16.0651896531725,0.00154419322085827,0,,13,neuronal ceroid lipofuscinosis 1,0.969,13,0,,12,0,0,CHEMBL2331051,0,0.0002956942858639114,0.7663924926229577,27,10,13,Serum levels of protein PPT1,5e-150,800,,,2026-08-14T04:35:10
PPY,A,P01298,63,Cancer code  self-reported: small intestine or small bowel cancer,0.814594716995394,0.00338016279104273,1,prot-c-4588_1_2,1,pathological myopia,0.122,1,0,,0,0,0,,,0.029436434125015596,1.2704905294906452,57,,,,,24,,,2026-08-14T04:35:24
PRCP,A,P42785,64,Non-cancer illness code  self-reported: muscle or soft tissue injuries,0.364791349485319,4.36920416347161e-05,0,,5,stroke disorder,0.401,5,0,,0,0,0,CHEMBL2335,0,6.88881372624925e-14,1.0853257725192555,23,12,12,Circulating PRCP levels,4e-112,105,1,,2026-08-14T04:35:40
PRDM1,A,O75626,96,Height,0.0313421828908555,0.0033783527899323,0,,10,ulcerative colitis,0.703,10,0,,0,0,0,CHEMBL5214860,0,0.9999996086691068,0.3289065612546452,73,34,51,Circulating MARCO levels,3e-58,137,,,2026-08-14T04:35:57
PRDX6,A,P30041,116,Forced vital capacity (FVC),0.021471114,0.000451363,1,prot-c-5018_68_1,10,hypothyroidism,0.543,7,0,,0,0,0,CHEMBL4295741,0,0.0012527926425517713,1.0324538246928918,37,16,14,CASP8/PRDX6 protein level ratio,5e-102,71,,,2026-08-14T04:36:12
PRELP,A,P51888,66,Body mass index (BMI),0.00819496253786067,0.0019580791003308,0,,6,"osteoarthritis, hip",0.509,6,0,,0,0,0,,,0.00012749499457280497,1.0637793288243678,68,26,35,Circulating PRELP levels,3e-1687,79,,,2026-08-14T04:36:25
PREP,A,P48147,109,Cardioembolic stroke,0.265121413,0.003803974,0,,18,response to angiotensin-converting enzyme inhibitor,0.691,15,0,,0,0,0,CHEMBL3202,0,0.9994314586115534,0.4514493185608509,58,51,57,Serum levels of protein PREP,1e-65,118,,,2026-08-14T04:36:40
PROC,A,P04070,126,Non-cancer illness code  self-reported: deep venous thrombosis (dvt),0.190992866296885,1.2716561728025e-10,2,prot-c-2961_1_2;prot-c-3758_68_3,23,hereditary thrombophilia due to congenital protein C deficiency,0.929,13,13,venous thromboembolism,9,6,6,CHEMBL4444,2,7.271479611687862e-05,0.8646535601009503,31,13,26,Circulating PROC levels,1e-254,510,1,,2026-08-14T04:36:55
PROK2,A,Q9HC23,109,Diagnoses - main ICD10: I30 Acute pericarditis,0.355898261,0.005930204,0,,23,hypogonadotropic hypogonadism,0.807,14,0,,9,0,0,CHEMBL1949485,0,0.030395023006745202,1.0185004129943758,31,19,19,Prokineticin-2 levels,6e-1260,114,,,2026-08-14T04:37:15
PRRG1,A,O14668,118,Systolic blood pressure  automated reading,0.0521254742547425,0.000360280856238525,0,,0,,,0,0,,0,0,0,,,0.2832220768222608,0.88822337188126,2,1,0,Cognitive performance (attention) (longitudinal),1e-6,211,,,2026-08-14T04:37:26
PRSS2,A,P07478,165,Multiple sclerosis,-0.33762759449744,0.000124457900349154,1,prot-c-5034_79_1,4,alcoholic pancreatitis,0.697,4,0,,0,0,0,CHEMBL3159,0,3.2427963895209156e-07,1.4544859370316168,105,16,39,CTRB1/PRSS2 protein level ratio,3e-340,31,,,2026-08-14T04:37:51
PRSS22,A,Q9GZN4,109,Lung cancer,-0.182659219,0.00211044,1,prot-c-4534_10_2,3,erythematosquamous dermatosis,0.629,3,0,,0,0,0,,,5.165654294958271e-09,1.2901304118242223,46,8,10,PRSS22 protein levels,6e-262,101,,,2026-08-14T04:38:04
PRSS57,A,Q6UWY2,93,Eye problems or disorders: Diabetes related eye disease,0.150004995,0.002123034,0,,2,Graves disease,0.136,2,0,,0,0,0,,,7.960420246157796e-07,1.350237325659712,77,12,12,Serine protease 57 levels,2e-338,121,,,2026-08-14T04:38:19
PRTN3,A,P24158,58,Heel bone mineral density (BMD) T-score  automated,-0.0198567851777667,0.00116377584607634,1,prot-c-3514_49_2,5,IgA glomerulonephritis,0.283,5,0,,0,0,0,CHEMBL3900,0,1.2834138030207313e-08,1.5199834541774888,131,42,81,Circulating PRTN3 levels,1e-1200,85,,,2026-08-14T04:38:37
PSAP,A,P07602,85,Diagnoses - main ICD10: R55 Syncope and collapse,0.128023839,0.002292805,0,,20,Gaucher disease due to saposin C deficiency,0.84,14,0,,19,0,0,CHEMBL3580523,0,0.8345627924142639,0.5288604983684365,112,46,58,Circulating GRN levels,2e-237,1031,,,2026-08-14T04:38:56
PSAPL1,A,Q6NUJ1,104,Anorexia nervosa,0.210496301397247,0.00862448525690851,0,,23,arthropathy,0.567,15,0,,0,0,0,,,,,100,7,11,PSAPL1 protein levels,3e-303,224,,,2026-08-14T04:39:08
PSD,A,A5PKW4,108,Forced vital capacity (FVC),0.0201983197983758,0.00141723426929794,0,,8,mathematical ability,0.09,7,0,,0,0,0,CHEMBL4523105,0,0.9968991069916773,0.46945477840075206,89,8,8,Phospholipids to Total Lipids in Large HDL percentage,2e-16,178,,,2026-08-14T04:39:24
PSG3,A,Q16557,21,Clear cell ovarian cancer,-0.208799632071133,0.00162941119846151,0,,3,intestinal impaction,0.416,3,0,,0,0,0,,,8.181340774148783e-26,1.5897484647407911,22,5,8,CEACAM1 protein levels,3e-32,162,,,2026-08-14T04:39:36
PSG4,A,Q00888,30,Clear cell ovarian cancer,-0.226126126126126,0.000895124113604771,0,,0,,,0,0,,0,0,0,,,6.506941921707098e-27,1.7043966595491542,144,15,14,Pregnancy-specific beta-1-glycoprotein 4 levels,2e-800,157,,,2026-08-14T04:39:50
PSMB1,A,P20618,113,Age at menarche,-0.038834951,0.0059,0,,2,"neurodevelopmental disorder with microcephaly, hypotonia, and absent language",0.596,2,0,,1,0,0,CHEMBL4208,0,0.9681888658020066,0.518256442685411,28,10,10,Serum levels of protein PSMB1,2e-101,134,,,2026-08-14T04:40:07
PSMD5,A,Q16401,64,Diagnoses - main ICD10: H25 Senile cataract,0.280781426326037,0.00381008022747081,0,,16,Crohn disease,0.476,15,0,,0,0,0,CHEMBL6067067,0,4.6799371065068154e-11,0.998980227148879,85,10,11,Height,5e-86,109,,,2026-08-14T04:40:24
PTGDS,A,P41222,106,Non-cancer illness code  self-reported: mania or bipolar disorder or manic depression,0.502983694388276,0.000701714160597767,0,,1,keratoconus,0.525,1,0,,0,0,0,CHEMBL3430865,1,4.313304574892227e-06,1.0659095286769262,85,,,,,129,,,2026-08-14T04:40:43
PTGFRN,A,Q9P2B2,102,Non-cancer illness code  self-reported: joint disorder,0.129303077126139,0.00179219531591121,0,,6,type 2 diabetes mellitus,0.756,6,0,,0,0,0,,,0.10960743145000985,0.5579605865008329,55,36,60,Prostaglandin F2 receptor negative regulator levels,3e-431,180,,,2026-08-14T04:40:59
PTGR1,A,Q14914,54,Cancer code  self-reported: prostate cancer,0.291832584,1.08e-05,0,,9,response to antibiotic,0.472,9,0,,1,0,0,CHEMBL4295822,0,4.244614211369942e-05,0.864088957753695,74,24,28,Prostaglandin reductase 1 levels,4e-485,114,,,2026-08-14T04:41:16
PTHLH,A,P12272,124,Height,0.112781954887218,1.97032303253729e-10,1,prot-c-2962_50_2,28,brachydactyly type E,0.81,13,0,,2,0,0,CHEMBL3712869,1,0.9243361140636369,0.5642333118810566,149,130,249,MANSC4 protein levels,4e-215,167,,,2026-08-14T04:41:36
PTN,A,P21246,123,Alcohol intake frequency,-0.0570500910746812,0.000509318019062358,1,prot-c-3045_72_2,17,alcohol drinking,0.709,11,0,,0,0,0,CHEMBL4523199,0,2.02058469808274e-05,1.10623978755014,95,33,25,Circulating PTN levels (id: OID00823_OID20083),6e-120,60,,,2026-08-14T04:42:02
PTPN4,A,P29074,99,Body mass index (BMI),0.0443842975206612,0.00115944549873862,0,,11,hereditary disease,0.816,11,0,,3,0,0,CHEMBL3165,0,0.998926683524793,0.458872658225859,32,19,21,Hematological traits (multi-trait analysis),4e-38,222,,,2026-08-14T04:42:19
PTPRU,A,Q92729,83,Diagnoses - main ICD10: R11 Nausea and vomiting,0.541854787,0.001159607,0,,17,Short stature,0.552,14,0,,2,0,0,CHEMBL1961785,0,0.09112948592305856,0.5067944598390333,41,20,14,Receptor-type tyrosine-protein phosphatase U levels,3e-24,304,,,2026-08-14T04:42:34
PXDN,A,Q92626,76,Diagnoses - main ICD10: B37 Candidiasis,0.959024842,0.002137944,0,,23,anterior segment dysgenesis 7,0.856,15,0,,6,0,0,,,1.2512588159589056e-11,0.6632809062972956,119,34,36,Height,7e-129,694,,,2026-08-14T04:42:48
PYY,A,P10082,109,Diagnoses - main ICD10: G47 Sleep disorders,0.592972201,9.1e-07,1,prot-c-3727_35_1,3,hyperammonemia due to N-acetylglutamate synthase deficiency,0.532,2,0,,3,0,0,,,1.931758547468942e-05,1.8880313076178683,62,17,13,PYY protein levels,1e-249,58,,,2026-08-14T04:43:07
PZP,A,P20742,112,Diagnoses - main ICD10: R55 Syncope and collapse,0.128098324,0.009965325,0,,9,myopia,0.416,9,0,,1,0,0,CHEMBL4295690,1,4.888220455931973e-42,0.9555134853362142,78,18,22,Serum levels of protein PZP,7e-239,267,,,2026-08-14T04:43:23
QDPR,A,P09417,103,Transferrin,-0.0721594918842625,0.000653609990130404,0,,21,dihydropteridine reductase deficiency,0.933,15,0,,7,0,0,CHEMBL3730,0,1.947885577877124e-06,1.029458606852131,43,8,8,QDPR protein levels,4e-42,483,,,2026-08-14T04:43:38
QPCT,A,Q16769,80,Schizophrenia,0.131350886,0.000784741,0,,15,Alzheimer disease,0.039,13,0,,0,0,0,CHEMBL4508,0,1.0775397777248125e-15,1.3027955235171238,71,29,46,Circulating QPCT levels,3e-440,106,,,2026-08-14T04:43:54
QPCTL,A,Q9NXS2,89,Non-cancer illness code  self-reported: enlarged prostate,0.220163552565828,0.000328040267078888,0,,12,myocardial infarction,0.435,10,0,,0,0,0,CHEMBL3638349,0,3.3689613010617656e-10,1.208153065517108,116,30,44,Glutaminyl-peptide cyclotransferase-like protein levels,7e-88,106,,,2026-08-14T04:44:15
QSOX1,A,O00391,77,Non-cancer illness code  self-reported: enlarged prostate,0.144963097575948,0.00124948491327373,0,,3,non-autoimmune hemolytic anemia,0.512,3,0,,0,0,0,CHEMBL4523117,0,8.004994012909106e-06,0.6838539084435282,72,29,37,QSOX1 protein levels,5e-132,214,,,2026-08-14T04:44:30
QSOX2,A,Q6ZRP7,85,Forced vital capacity (FVC),0.0255376961883408,3.82779684326911e-06,0,,8,insomnia,0.572,5,0,,0,0,0,,,3.6278178247438133e-12,0.953492998507351,78,75,148,Height,1e-300,221,,,2026-08-14T04:44:42
RAB6B,A,Q9NRW1,107,Transferrin,0.214028777,2.44e-05,0,,8,alcohol drinking,0.573,7,0,,0,0,0,,,0.9982068291721022,0.4215306554948402,101,15,14,Ras-related protein Rab-6B levels,9e-149,51,,,2026-08-14T04:44:55
RAD51D,A,O75771,98,Body mass index (BMI),0.0294381503936295,4.14849314186258e-08,0,,17,Hereditary breast and ovarian cancer syndrome,0.867,13,0,,17,0,0,,,7.692313416740697e-12,1.1303180187536823,20,2,2,CCL15 protein levels,2e-16,2130,,,2026-08-14T04:45:07
RAET1E,A,Q8TD07,117,Non-cancer illness code  self-reported: gout,0.118922535935296,0.0103700489135175,0,,0,,,0,0,,0,0,0,,,1.0699966624750573e-11,1.7626591498904247,85,12,12,Low-density lipoprotein receptor-related protein 11 levels,2e-1411,64,,,2026-08-14T04:45:20
RARRES1,A,P49788,113,Diagnoses - main ICD10: K43 Ventral hernia,0.106330209275914,0.00167326743423968,0,,12,premature birth,0.566,11,0,,0,0,0,,,3.130806050024209e-13,1.4771177467955388,48,10,13,Circulating RARRES1 levels,6e-1014,104,,,2026-08-14T04:45:32
RARRES2,A,Q99969,108,Thyroid cancer,-1.34962409371539,4.53687395988695e-07,1,prot-c-3079_62_2,1,Abnormality of the skeletal system,0.693,1,0,,0,0,0,,,0.0014722742349388717,1.08474620566084,39,17,20,Circulating RARRES2 levels,1e-385,114,,,2026-08-14T04:45:45
RBP4,A,P02753,82,Non-cancer illness code  self-reported: vitiligo,1.24436693,0.000317145,1,prot-c-3641_49_4,15,progressive retinal dystrophy due to retinol transport defect,0.766,15,0,,13,0,0,CHEMBL3100,0,0.7992912772115744,0.599122462482911,56,6,7,Retinol (Vitamin A) levels,6e-30,228,,,2026-08-14T04:45:59
RCAN1,A,P53805,70,Diagnoses - main ICD10: R10 Abdominal and pelvic pain,-0.153833609912458,0.0312398769482461,0,,7,hypothyroidism,0.414,5,0,,1,0,0,,,0.06125426463150365,0.7945461641438352,50,13,6,Calcium levels,1e-14,103,,,2026-08-14T04:46:12
RDH16,A,O75452,1,Cancer code  self-reported: prostate cancer,0.290233069,0.022473291,0,,1,asthma,0.282,1,0,,0,0,0,,,5.20563267353561e-10,1.5638003274928671,65,18,21,Circulating ERBB3 levels,2e-85,83,,,2026-08-14T04:46:25
RECQL,A,P46063,106,Weight,-0.019940535,0.000294486,0,,16,RECON progeroid syndrome,0.664,14,0,,10,0,0,CHEMBL1293236,0,2.548597880669781e-24,1.1693785831381727,52,2,2,Direct bilirubin levels,2e-13,1930,,,2026-08-14T04:46:40
REG1A,A,P05451,165,Non-cancer illness code  self-reported: pernicious anaemia,0.00121135522610156,0.0032614501364628,0,,6,focal segmental glomerulosclerosis,0.195,6,0,,1,0,0,,,2.0963191082908122e-07,1.4056698503160832,55,14,21,Circulating REG1A levels,2e-379,44,,,2026-08-14T04:46:52
REG3G,A,Q6UW15,110,Diagnoses - main ICD10: N81 Female genital prolapse,0.163854379,0.000172756,0,,19,Anisometropia,0.448,14,0,,0,0,0,,,8.975160945914002e-07,1.3370782367048233,42,18,23,REG3G protein levels,1e-292,65,,,2026-08-14T04:47:05
REG4,A,Q9BYZ8,55,Diagnoses - main ICD10: I30 Acute pericarditis,1.02173979739097,6.43732927043056e-05,0,,3,cutaneous lupus erythematosus,0.457,3,0,,0,0,0,,,9.737909175890613e-05,1.0882844750229552,78,20,28,Circulating REG4 levels,1e-181,56,,,2026-08-14T04:47:18
RELL1,A,Q8IUW5,87,Lung cancer,-0.507329728,7.28e-07,0,,11,placental abruption,0.466,11,0,,1,0,0,,,0.19185518463671106,0.7363412237650055,31,10,1,Height,2e-9,73,,,2026-08-14T04:47:31
RELT,A,Q969Z4,115,Forced expiratory volume in 1-second (FEV1),0.0316344242424242,3.00618064278127e-07,1,prot-c-5115_31_3,11,amelogenesis imperfecta,0.818,9,0,,3,0,0,,,1.1392334896663261e-09,0.9529771668502207,33,4,4,Circulating RELT levels,5e-690,116,,,2026-08-14T04:47:44
RET,A,P07949,68,Hirschsprung's disease,-1.82799494219653,0.000368887216275696,1,prot-c-3220_40_2,17,medullary thyroid gland carcinoma,0.935,14,0,,17,0,0,CHEMBL2041,15,0.9999999999999993,0.2356662003104965,45,19,28,Circulating RET levels,8e-469,4466,,,2026-08-14T04:48:00
RETN,A,Q9HD89,205,Multiple sclerosis,-0.619591062067514,2.59355507758284e-06,1,prot-c-3046_31_1,1,autism,0.182,1,0,,1,0,0,,,0.018253763526857203,1.7298164949148678,111,15,39,Resistin levels,2e-858,26,,,2026-08-14T04:48:22
RFESD,A,Q8TAC1,69,Diagnoses - main ICD10: D25 Leiomyoma of uterus,0.196187541505791,0.0078619929267195,0,,5,vitiligo,0.46,4,0,,0,0,0,,,0.0002799200260299002,0.997476254345078,17,5,2,Rieske domain-containing protein levels (RFESD.13603.7.3),2e-25,59,,,2026-08-14T04:48:34
RGMA,A,Q96B86,183,Height,-0.0705467372134039,9.64260673022826e-08,1,prot-c-3833_10_2,27,diabetes mellitus,0.658,14,0,,0,0,0,CHEMBL4630886,2,0.20357611131753772,0.7316636479621433,125,71,77,Circulating RGMA levels,1e-344,141,,,2026-08-14T04:48:59
RGMB,A,Q6NW40,127,Creatinine (enzymatic) in urine,-0.0402869042110134,0.000186530519807156,1,prot-c-3331_8_1,23,Abnormality of the skeletal system,0.658,13,0,,0,0,0,,,0.0010112549050556774,0.9039663756312455,22,13,15,RGMB protein levels,1e-52,107,,,2026-08-14T04:49:15
RIDA,A,P52758,106,PGC cross-disorder traits,-0.118988180612712,0.00209492065358618,0,,5,Hodgkins lymphoma,0.127,5,0,,0,0,0,CHEMBL3309027,0,2.1272535653135402e-06,1.4329365563195924,37,9,7,PTP4A3 protein levels,7e-216,45,,,2026-08-14T04:49:30
RMDN1,A,Q96DB5,112,Body mass index (BMI),-0.0395377328702242,1.86366159242839e-07,0,,9,intelligence,0.55,7,0,,0,0,0,,,1.4177980314768416e-16,1.2491685126997394,44,16,22,Regulator of microtubule dynamics protein 1 levels,4e-346,101,,,2026-08-14T04:49:44
RNASE1,A,P07998,94,Underlying (primary) cause of death: ICD10: E85.4 Organ-limited amyloidosis,1.79260002232245,0.00265705414467985,0,,2,pregnancy disorder,0.163,2,0,,0,0,0,CHEMBL5425,0,,,65,26,29,AZU1/RNASE3 protein level ratio,1e-422,50,,,2026-08-14T04:50:02
RNASE2,A,P10153,68,Underlying (primary) cause of death: ICD10: E85.4 Organ-limited amyloidosis,1.82050311249661,8.40262128355072e-05,0,,1,alcohol drinking,0.133,1,0,,0,0,0,CHEMBL5120,0,,,65,20,28,MNDA/RNASE3 protein level ratio,5e-386,54,,,2026-08-14T04:50:19
RNASE3,A,P12724,71,ER-positive Breast cancer (Combined Oncoarray; iCOGS; GWAS meta analysis),0.128504673,0.003794765,0,,0,,,0,0,,0,0,0,,,,,65,28,32,AZU1/RNASE3 protein level ratio,1e-422,60,,,2026-08-14T04:50:32
RNASE4,A,P34096,116,Hirschsprung's disease,1.5629417000445,1.39532999115358e-06,0,,5,amyotrophic lateral sclerosis,0.847,4,0,,4,0,0,,,,,105,18,41,Circulating ANG levels,1e-1158,172,,gnomad,2026-08-14T04:51:21
RNASE6,A,Q93091,106,Non-cancer illness code  self-reported: joint disorder,0.104235679374849,0.00548751184011815,0,,1,skin cancer,0.259,1,0,,0,0,0,,,,,89,12,12,Ribonuclease K6 levels,4e-2405,56,,,2026-08-14T04:51:36
RNPEP,A,Q9H4A4,122,Diagnoses - main ICD10: I80 Phlebitis and thrombophlebitis,0.259857811,0.001703676,0,,2,obstructive sleep apnea syndrome,0.434,2,0,,0,0,0,CHEMBL2432,0,3.000876297858233e-16,1.014289725754608,73,18,20,Urine X-10457 levels in chronic kidney disease,5e-162,138,,,2026-08-14T04:51:55
ROR1,A,Q01973,65,Body mass index (BMI),-0.0220262954545455,0.00244585991811858,1,prot-c-2590_69_4,12,"hearing loss, autosomal recessive",0.535,12,0,,2,0,0,CHEMBL4665585,1,0.9999997879819764,0.3537044162345223,92,77,96,IFNGR1/ROR1 protein level ratio,4e-736,320,,,2026-08-14T04:52:13
RPIA,A,P49247,57,Diagnoses - main ICD10: N81 Female genital prolapse,0.305572996833236,0.000759565569384091,0,,16,ribose-5-P isomerase deficiency,0.797,15,0,,2,0,0,CHEMBL5725137,0,2.5416191606803685e-08,1.0472738820748928,46,7,3,LRRTM2 protein levels,1e-8,171,,,2026-08-14T04:52:29
RPN1,A,P04843,141,Alzheimer's disease,0.196982884,1.53e-05,0,,6,COVID-19,0.474,6,0,,0,0,0,CHEMBL4295697,0,0.9999954887664663,0.3504290435002985,144,172,403,Eosinophil count,4e-476,117,,,2026-08-14T04:52:51
RPRD1A,A,Q96P16,103,Alcohol intake frequency,-0.0508674351585014,0.00527111552317523,0,,6,Nasal polyposis,0.401,5,0,,0,0,0,,,0.9992434718116352,0.4150442609714111,19,5,7,Mean corpuscular hemoglobin,8e-14,86,,,2026-08-14T04:53:08
RRM1,A,P23921,108,Mean cell haemoglobin,0.165827036104114,6.87903671800711e-13,0,,1,"progressive external ophthalmoplegia with mitochondrial dna deletions, autosomal recessive 6",0.657,1,0,,1,0,0,CHEMBL1830,0,0.9999999999974758,0.2745554965915631,42,20,33,Mean corpuscular volume,9e-65,110,13,,2026-08-14T04:53:24
RRM2B,A,Q7LG56,109,Non-cancer illness code  self-reported: gastro-oesophageal reflux (gord)  or  gastric reflux,0.182929272971776,0.00249535837564291,0,,10,mitochondrial DNA depletion syndrome 8a,0.938,10,0,,10,0,0,CHEMBL3301398,1,0.09006999994169641,0.633841233916434,37,18,21,GFER/RRM2B protein level ratio,4e-115,516,1,,2026-08-14T04:53:39
RSPO3,A,Q9BXY4,140,Heel bone mineral density (BMD) T-score  automated,0.222328888888889,1.79764535843023e-82,0,,18,Abnormality of the skeletal system,0.822,12,0,,0,0,0,CHEMBL4665590,1,0.0354574877555764,0.6987421112057627,268,740,1681,Estimated bone mineral density,5e-443,60,,,2026-08-14T04:54:02
RSPO4,A,Q2I0M5,106,Non-cancer illness code  self-reported: chronic obstructive airways disease or copd,0.41922131,0.010166114,0,,11,nonsyndromic congenital nail disorder 4,0.883,10,0,,4,0,0,,,4.372587584131719e-08,1.314661222592532,46,25,11,Serum levels of protein RSPO4,1e-20,144,,,2026-08-14T04:54:18
RTN4R,A,Q9BZR6,79,Non-cancer illness code  self-reported: kidney stone or ureter stone or bladder stone,0.2310670302088,0.00128359751018197,1,prot-c-5105_2_3,4,schizophrenia,0.784,3,0,,2,0,0,,,0.999743074865538,0.3303089143553033,60,13,18,Circulating RTN4R levels,1e-398,501,,,2026-08-14T04:54:31
S100A4,A,P26447,113,Diagnoses - main ICD10: D25 Leiomyoma of uterus,0.28634901049325,0.000172032958359082,0,,0,,,0,0,,0,0,0,CHEMBL2362976,0,0.06978973552930601,1.4592565282966137,54,8,9,Circulating S100A4 levels,9e-158,33,,,2026-08-14T04:54:50
S100A5,A,P33763,110,Low grade serous ovarian cancer,-0.393755420641804,0.00325361884043614,0,,2,liver disorder,0.066,2,0,,0,0,0,CHEMBL4296264,0,0.025674034559380988,1.5677389865966802,54,3,2,Hematological traits (multi-trait analysis),8e-29,32,,,2026-08-14T04:55:06
S100A7,A,P31151,76,Non-cancer illness code  self-reported: asthma,-0.044306956,0.001505015,0,,0,,,0,0,,0,0,0,,,0.19990716092159697,1.6667106527459647,49,8,8,Protein S100-A7 levels,6e-1077,39,,,2026-08-14T04:55:21
SAA1,A,P0DJI8,290,Mean cell volume,-0.529320758290623,0.000843931311938303,1,prot-c-4336_2_1,1,Abnormality of the gastrointestinal tract,0.384,1,0,,0,0,0,,,0.3300898736875479,0.9298685304755041,114,8,15,Serum amyloid A-1 protein levels (SAA1.4336.2.1),1e-771,49,,,2026-08-14T04:55:37
SCARF1,A,Q14162,108,Depressive symptoms,0.0186535526538918,0.00595952647010911,1,prot-c-5129_12_3,2,brain aneurysm,0.511,2,0,,0,0,0,,,1.4089476040214985e-10,0.8144735529733687,103,22,32,DAG1/SCARF1 protein level ratio,8e-1454,270,,,2026-08-14T04:55:52
SCARF2,A,Q96GP6,119,Forced expiratory volume in 1-second (FEV1),0.0404487821154488,4.13525530106423e-06,1,prot-c-5130_67_3,9,van den Ende-Gupta syndrome,0.803,9,0,,3,0,0,,,6.944360184519029e-06,0.6940247089719015,45,31,46,Circulating SCARF2 levels,1e-738,684,,,2026-08-14T04:56:06
SCG3,A,Q8WXD2,110,Weight,-0.0242495884773663,2.15250823770899e-06,0,,12,intelligence,0.507,10,0,,2,0,0,,,4.295048869804517e-09,0.8870153974390501,74,28,37,Secretogranin-3 levels,1e-315,90,,,2026-08-14T04:56:18
SCIN,A,Q9Y6U3,68,Sodium in urine,-0.0322664780763791,0.00696171029530114,0,,17,colorectal carcinoma,0.422,14,0,,0,0,0,,,4.403665251531461e-31,1.1798333346665644,41,21,16,Height,4e-53,210,,,2026-08-14T04:56:34
SCP2D1,A,Q9UJQ7,99,Cancer code  self-reported: basal cell carcinoma,0.0879844987188491,0.0025081719801248,0,,12,liver disorder,0.265,11,1,Abnormal central motor function,0,1,0,,,0.0021289063544879653,1.5735903676024796,18,25,25,Height,1e-56,51,,,2026-08-14T04:56:46
SCUBE1,A,Q8IWY4,109,Urate,-0.092592593,0.001778051,0,,7,self-injurious ideation,0.4,7,0,,0,0,0,,,1.7255850292876348e-05,0.589117360830183,100,44,39,Height,3e-67,244,,,2026-08-14T04:56:58
SECTM1,A,Q8WVN6,118,Hirschsprung's disease,-1.60699465240642,0.00629276958017597,0,,2,hypothyroidism,0.265,1,0,,0,0,0,,,0.018953073720706905,0.9385303975889826,57,10,16,Secreted and transmembrane protein 1 levels,8e-132,83,,,2026-08-14T04:57:10
SELL,A,P14151,99,Autism,0.207003450815253,0.000932517900605698,1,prot-c-4831_4_2,11,type 2 diabetes mellitus,0.565,9,0,,0,0,0,CHEMBL3161,2,1.0015467883131443e-12,1.065868234757186,101,32,39,L-selectin levels,2e-363,85,,,2026-08-14T04:57:28
SELP,A,P16109,147,Height,-0.0136256657995788,0.0379428392351341,1,prot-c-4154_57_2,10,atrial fibrillation,0.542,8,0,,1,0,0,CHEMBL5378,4,8.737167318067988e-28,1.0505604292666149,137,83,68,Circulating SELP levels,2e-806,162,,,2026-08-14T04:57:46
SELPLG,A,Q14242,68,Diagnoses - main ICD10: I84 Haemorrhoids,0.20795707,0.005470452,0,,4,glaucoma,0.653,3,0,,0,0,0,CHEMBL4183,1,0.052733809331464696,5.7140530600831285,58,8,10,Circulating SELPLG levels,8e-2505,86,,,2026-08-14T04:58:02
SEMA3C,A,Q99985,100,Systolic blood pressure  automated reading,0.0430024557395774,0.00272136371309728,0,,28,atrial fibrillation,0.821,13,0,,1,0,0,,,1.1178562071082891e-06,0.6703685427225011,155,101,131,Bone mineral density mean,2e-161,289,1,,2026-08-14T04:58:28
SEMA3E,A,O15041,86,Neuroticism,-0.0160656908247055,0.000318217180315068,1,prot-c-5363_51_3,21,CHARGE syndrome,0.571,14,0,,7,0,0,,,7.822345160137621e-07,0.6641589831020438,95,52,61,Semaphorin-3E levels,2e-924,942,,,2026-08-14T04:58:41
SEMA3G,A,Q9NS98,119,HDL cholesterol,0.0844808336434686,3.61009244567465e-06,0,,4,diverticular disease,0.446,3,0,,0,0,0,,,1.1482472190236553e-19,0.9905739709098441,104,11,14,Semaphorin-3G levels,4e-107,408,,,2026-08-14T04:58:55
SEMA4C,A,Q9C0C4,69,Schizophrenia,-0.146291047,0.006887911,0,,0,,,0,0,,0,0,0,,,0.9999999986738226,0.31328575989478114,25,8,10,"What is your height? (cm, inv-normal transformed)",9e-38,205,,,2026-08-14T04:59:13
SEMA4D,A,Q92854,81,Body mass index (BMI),-0.011247653,0.001359892,0,,5,skin aging,0.674,5,0,,1,0,0,CHEMBL4630887,1,0.9999380562877167,0.4198754160413475,93,168,202,Semaphorin-4D levels,5e-1164,233,,,2026-08-14T04:59:29
SEMA5A,A,Q13591,75,Systolic blood pressure  automated reading,-0.0101908519553073,0.000407759346371564,0,,30,coronary artery disorder,0.821,15,0,,1,0,0,,,0.37091082917051754,0.5081955646230716,81,47,30,Semaphorin-5A levels,1e-72,382,,,2026-08-14T04:59:41
SEMG1,A,P04279,79,Birth weight,0.0754183873071071,0.000115467103369279,0,,0,,,0,0,,0,0,0,,,0.02241055233735552,1.3456323125205043,53,4,5,Serum levels of protein PI3,5e-45,87,,,2026-08-14T04:59:59
SEMG2,A,Q02383,96,Age at menarche,-0.0620664476086163,9.00000000000003e-08,0,,2,nephrotic syndrome,0.041,2,0,,0,0,0,,,0.40520032254030935,0.9624359441881356,53,7,11,WFDC12 protein levels,1e-33,104,,,2026-08-14T05:00:11
SEPT10,A,Q9P0V9,121,Childhood intelligence,-0.111651797783185,0.00239132040961058,0,,8,nutritional deficiency disease,0.484,8,0,,0,0,0,,,,,1,,,,,,,,2026-08-14T05:00:21
SERPINA1,A,P01009,120,Breast cancer (Combined Oncoarray; iCOGS; GWAS meta analysis),0.0543707522849777,0.00171774962740503,1,prot-c-3580_25_8,30,Alpha-1-antitrypsin deficiency,0.876,13,0,,5,0,0,CHEMBL1795142,0,8.773683322434977e-07,1.1901133649798687,145,796,1162,BSG/CKAP4 protein level ratio,8e-1010,568,,,2026-08-14T05:00:42
SERPINA10,A,Q9UK55,272,Potassium in urine,-0.00776265204564321,0.00812135563384344,0,,7,venous thromboembolism,0.48,6,0,,0,0,0,,,7.778308635711332e-08,1.2035883765570088,110,52,68,Protein Z-dependent protease inhibitor levels,5e-831,97,,,2026-08-14T05:00:59
SERPINA11,A,Q86U17,105,Fasting insulin,-0.045138889,0.0031313,0,,8,alcohol drinking,0.52,8,0,,3,0,0,,,8.285795710456442e-10,1.3042888764364604,160,29,58,Circulating SERPINA9 levels,4e-957,108,,,2026-08-14T05:01:17
SERPINA3,A,P01011,111,Diagnoses - main ICD10: M54 Dorsalgia,0.181190804590349,0.000127702445282135,2,prot-c-2879_9_2;prot-c-4153_11_2,2,prostate carcinoma,0.543,2,0,,1,0,0,CHEMBL5960,0,3.561703097037611e-13,1.6068195826180438,134,24,52,alpha-1-antichymotrypsin complex levels,7e-200,148,1,,2026-08-14T05:01:41
SERPINA4,A,P29622,157,Non-cancer illness code  self-reported: bladder problem (not cancer),0.15414599791226,0.00107896664159926,1,prot-c-3449_58_2,1,optic atrophy,0.392,1,0,,0,0,0,,,1.590094955268255e-08,1.3312093610167688,170,40,86,Circulating SERPINA12 levels,5e-3381,119,,,2026-08-14T05:01:58
SERPIND1,A,P05546,116,LDL cholesterol,-0.141797556719023,2.46616970402171e-45,1,prot-c-3316_58_1,6,heparin cofactor 2 deficiency,0.819,4,0,,4,0,0,,,6.809828601421707e-12,1.2927873570326516,44,12,11,CRKL/DBNL protein level ratio,2e-35,548,,,2026-08-14T05:02:32
SERPINE2,A,P07093,80,Non-cancer illness code  self-reported: deep venous thrombosis (dvt),-0.230226677036029,0.00013470224691811,1,prot-c-3217_74_2,5,venous thromboembolism,0.814,5,0,,0,0,0,,,0.5721333353090156,0.6026626257360558,52,247,276,ANGPT1/PDGFB protein level ratio,2e-1484,92,,,2026-08-14T05:02:45
SERPINF1,A,P36955,105,Forced vital capacity (FVC),-0.0238671611598112,3.07840098530513e-07,0,,12,osteogenesis imperfecta,0.934,9,0,,6,0,0,CHEMBL4295753,0,2.01952300235951e-08,1.0595168896080802,97,20,35,Pigment epithelium-derived factor levels,2e-174,529,,,2026-08-14T05:03:01
SERPINF2,A,P08697,75,Heel bone mineral density (BMD) T-score  automated,0.0513882625036138,0.00255306856849376,1,prot-c-3024_18_2,11,alpha-2-plasmin inhibitor deficiency,0.759,10,0,,3,0,0,,,0.9673239770192178,0.5134903262608346,106,37,45,"Albumin (maximum, inv-norm transformed)",1e-60,209,,,2026-08-14T05:03:15
SERPING1,A,P05155,123,Schizophrenia,-0.0835758596274263,2.01630898916297e-05,1,prot-c-4479_14_2,25,hereditary angioedema with C1Inh deficiency,0.961,13,3,immune system disorder,7,3,0,CHEMBL5305024,1,0.9999638651486875,0.30828594989491487,104,75,96,Plasma protease C1 inhibitor levels,3e-1115,907,,,2026-08-14T05:03:33
SFRP4,A,Q6FHJ7,79,Diagnoses - main ICD10: M16 Coxarthrosis [arthrosis of hip],0.287747281,0.000124035,0,,1,Pyle disease,0.792,1,0,,1,0,0,,,1.733076406232919e-06,0.9627078708197964,211,88,356,Height,2e-277,202,,,2026-08-14T05:03:48
SFTPB,A,P07988,97,Lung adenocarcinoma,-0.164325927,6.02e-06,0,,6,Neonatal acute respiratory distress with surfactant metabolism deficiency,0.82,6,0,,4,0,0,,,5.176954239086487e-07,0.8428780520055371,108,11,19,Circulating GNLY levels,1e-837,273,,,2026-08-14T05:04:02
SHANK3,A,Q9BYB0,125,Coronary heart disease,0.102990826,0.003028586,0,,30,Phelan-McDermid syndrome,0.905,14,1,autism spectrum disorder,19,0,0,CHEMBL5465313,0,0.9999999929391208,0.36549145614185224,87,38,42,"mean platelet volume (MPV, mean, inv-norm transformed)",2e-68,1485,,,2026-08-14T05:04:19
SHBG,A,P04278,124,Body fat,0.105607477,7.34e-05,1,prot-c-4929_55_1,8,testicular disorder,0.726,7,0,,0,0,0,CHEMBL3305,0,8.24609859645939e-12,1.161360184571096,225,88,202,Sex hormone-binding globulin levels,2e-3373,127,,,2026-08-14T05:04:43
SHISA3,A,A0PJX4,71,Eczema,-0.608256316534651,6.92378035688305e-09,0,,9,facial morphology,0.513,9,0,,0,0,0,,,6.428490936933088e-05,1.2044480452106887,51,23,15,Adolescent idiopathic scoliosis,5e-13,62,,,2026-08-14T05:04:55
SHMT1,A,P34896,75,Alcohol intake frequency,-0.052739333,1.35e-05,0,,5,multiple sclerosis,0.217,5,0,,1,0,0,CHEMBL1772927,0,1.1815228518147562e-14,1.1769800835957434,62,28,31,MGLL/SHMT1 protein level ratio,2e-4728,207,2,,2026-08-14T05:05:11
SIGLEC12,A,Q96PQ1,100,Non-cancer illness code  self-reported: pneumothorax,0.312617947154603,0.00294369952628438,0,,1,placental abruption,0.33,1,0,,0,0,0,,,2.979226419322928e-12,1.025803538304425,99,11,16,Blood protein levels,1e-371,151,,,2026-08-14T05:05:23
SIGLEC14,A,Q08ET2,76,Diagnoses - main ICD10: N40 Hyperplasia of prostate,0.0700869880212716,0.0238504039857872,1,prot-c-5125_6_3,2,benign digestive system neoplasm,0.112,2,0,,0,0,0,CHEMBL4523280,0,0.9495722135055109,0.5317610717960792,115,10,10,SIGLEC6 protein levels,1e-66,78,,,2026-08-14T05:05:40
SIGLEC6,A,O43699,110,Rheumatoid arthritis,0.0747169435979051,6.42810329654275e-05,1,prot-c-2741_22_2,1,Splenomegaly,0.213,1,0,,0,0,0,,,1.4032358703724433e-08,1.0099614120312561,107,20,50,Circulating SIGLEC6 levels,3e-880,93,,,2026-08-14T05:05:56
SIGLEC7,A,Q9Y286,60,Diagnoses - main ICD10: I84 Haemorrhoids,0.14576448853324,0.00146706948295079,1,prot-c-2742_68_2,2,benign urinary system neoplasm,0.092,1,0,,0,0,0,CHEMBL3603730,0,8.160531689883936e-10,1.0811830424682132,155,9,27,Circulating SIGLEC7 levels,3e-594,93,,,2026-08-14T05:06:18
SIGLEC9,A,Q9Y336,112,Weight,-0.00701773969808242,5.55109461076145e-05,1,prot-c-3007_7_2,3,obesity disorder,0.24,2,0,,0,0,0,CHEMBL4105860,0,1.3962123248937272e-06,0.9424818881636343,174,45,87,Sialic acid-binding Ig-like lectin 9 levels,2e-5041,85,,,2026-08-14T05:06:43
SIRPA,A,P78324,76,Sodium in urine,-0.00647971253923674,0.00128865458733871,0,,7,type 2 diabetes mellitus,0.692,7,0,,0,0,0,,,0.9999985144966198,0.3120315105859939,140,83,213,Circulating SIRPA levels,1e-10333,133,,,2026-08-14T05:06:57
SIRPB1,A,Q5TFQ8,103,Neo-neuroticism,-0.46035153629411,0.000927057224628406,0,,4,alcohol drinking,0.463,4,0,,0,0,0,,,1.2978912200768267e-08,1.1247407724279357,93,46,73,LTBR/SIRPB1 protein level ratio,2e-2930,126,,,2026-08-14T05:07:13
SIRPG,A,Q9P1W8,106,Diagnoses - main ICD10: R55 Syncope and collapse,0.2787081887335,0.000320790376839003,0,,10,type 1 diabetes mellitus,0.842,9,0,,0,0,0,,,3.0792154972234467e-14,1.3957529417980565,95,35,40,LTBR/SIRPB1 protein level ratio,2e-2930,123,,,2026-08-14T05:07:29
SIRT2,A,Q8IXJ6,285,Diagnoses - main ICD10: R11 Nausea and vomiting,0.184135813830708,0.00100704541618717,1,prot-c-5030_52_1,3,type 2 diabetes mellitus,0.163,3,0,,0,0,0,CHEMBL4462,0,6.720559871522002e-10,0.9077442251318495,47,3,3,Circulating SIRT2 levels,1e-137,101,1,,2026-08-14T05:07:46
SLAMF7,A,Q9NQ25,62,Ulcerative colitis,0.0620525521949671,7.34963768582209e-05,1,prot-c-5487_7_3,5,multiple sclerosis,0.57,4,0,,1,0,0,CHEMBL3559386,2,1.5838689861804858e-07,1.059373566071017,120,38,79,Circulating SLAMF7 levels,2e-3149,47,,,2026-08-14T05:08:14
SLC22A16,A,Q86VW1,91,Non-cancer illness code  self-reported: high cholesterol,0.0885264606609677,0.00859756162731673,0,,9,melanoma,0.582,7,0,,0,0,0,CHEMBL2073722,0,1.4601994045047919e-18,1.2598697196524657,75,106,166,Arachidonoylcarnitine (C20:4) levels,6e-174,143,5,,2026-08-14T05:08:30
SLC5A8,A,Q8N695,117,Triglycerides,-0.251968503937008,7.70805716515714e-73,0,,12,pneumothorax,0.512,11,0,,0,0,0,,,9.288107045491088e-15,0.9580800855916114,25,15,7,Educational attainment,2e-12,122,,,2026-08-14T05:08:42
SLITRK3,A,O94933,76,Non-cancer illness code  self-reported: hayfever or allergic rhinitis,0.093772605,0.015464059,0,,15,Intellectual disability,0.547,15,0,,1,0,0,,,0.9999892655367368,0.38221571475396543,74,5,5,SLIT and NTRK-like protein 3 levels,3e-143,135,,,2026-08-14T05:08:54
SMIM9,A,A6NGZ8,114,Vascular or heart problems diagnosed by doctor: Angina,0.133337263250366,0.000653908340252579,0,,0,,,0,0,,0,0,0,,,0.0006948525105017918,1.9918591956638314,8,1,1,Hemoglobin,4e-8,235,,,2026-08-14T05:09:07
SMOC1,A,Q9H4F8,99,Mean cell volume,0.427357237715803,6.97619835662758e-06,0,,17,microphthalmia with limb anomalies,0.84,15,0,,2,0,0,,,0.6109556539674444,0.557923861980701,107,85,149,Circulating SMOC1 levels,5e-376,202,,,2026-08-14T05:09:21
SMPD1,A,P17405,79,Non-cancer illness code  self-reported: vitiligo,0.796645786,0.002962557,0,,13,Niemann-Pick disease type A,0.949,13,0,,11,0,0,CHEMBL2760,0,1.0516795874487761e-15,1.2071267917563704,66,17,29,PLA2G15/SMPD1 protein level ratio,2e-971,1224,,,2026-08-14T05:09:36
SMPDL3A,A,Q92484,109,Weight,0.0077071123094087,0.0070707175759431,1,prot-c-4771_10_3,11,alcohol drinking,0.483,11,0,,0,0,0,,,5.2817352360794244e-14,1.3233377113881017,53,28,41,SMPD1/SMPDL3A protein level ratio,2e-3823,93,,,2026-08-14T05:09:48
SMR3A,A,Q99954,78,Diagnoses - main ICD10: R11 Nausea and vomiting,-0.32771149259644,0.00434217863858407,0,,0,,,0,0,,0,0,0,,,,,11,3,2,CST5 protein levels,2e-19,59,,,2026-08-14T05:10:00
SNCA,A,P37840,108,Neuroticism,-0.0717989629038692,6.79534624946012e-06,0,,27,Hereditary late-onset Parkinson disease,0.859,15,0,,8,0,0,CHEMBL6152,2,0.4804366262296625,0.7148795687998291,93,51,99,Parkinson's disease,4e-170,206,,,2026-08-14T05:10:16
SOCS3,A,O14543,104,Forced vital capacity (FVC),0.0156433289299868,1.84578392058699e-06,0,,4,asthma,0.269,2,0,,0,0,0,,,0.26663760270193365,0.9005750174636863,115,36,50,C-reactive protein levels (UKB data field 30710),4e-38,52,,,2026-08-14T05:10:31
SOD3,A,P08294,107,Diagnoses - main ICD10: R55 Syncope and collapse,0.212690711,8.1e-05,0,,9,alcohol drinking,0.521,9,0,,0,0,0,CHEMBL2069159,0,0.035070646244078484,2.9278150093714683,49,14,20,Extracellular superoxide dismutase [Cu-Zn] levels,1e-413,98,,,2026-08-14T05:10:46
SPARCL1,A,Q14515,175,Diagnoses - main ICD10: Z09 Follow-up examination after treatment for conditions other than malignant neoplasms,0.126979189977163,0.000101343098950123,1,prot-c-4467_49_2,7,gout,0.75,6,0,,2,0,0,,,3.2989457742943246e-14,0.9769884553062376,80,30,61,Circulating SPARCL1 levels,8e-2786,148,,,2026-08-14T05:10:58
SPATA20,A,Q8TB22,118,Birth weight,-0.0647709320695103,1.59033493652039e-05,0,,1,risk-taking behaviour,0.555,1,0,,0,0,0,,,5.260740076645626e-19,0.9076326294664626,52,34,35,Spermatogenesis-associated protein 20 levels,3e-926,182,,,2026-08-14T05:11:10
SPINK1,A,P00995,96,Non-cancer illness code  self-reported: diverticular disease or diverticulitis,-0.563131407,0.004893398,0,,8,hereditary chronic pancreatitis,0.902,8,0,,4,0,0,,,0.1078488544291173,1.1011023919294896,67,30,40,Circulating SPINK1 levels,7e-854,273,,,2026-08-14T05:11:22
SPINK2,A,P20155,82,Squamous cell lung cancer,-0.310043707579917,1.78811594358951e-06,0,,6,spermatogenic failure 29,0.596,5,0,,2,0,0,,,0.02194412947976849,1.0669780289967734,118,95,135,Serine protease inhibitor Kazal-type 2 levels,2e-111,47,,,2026-08-14T05:11:45
SPINK5,A,Q9NQ38,96,Total cholesterol,0.103289474,0.002534174,0,,8,Netherton syndrome,0.874,8,0,,5,0,0,,,9.572585662484312e-35,0.9550423233128674,50,21,28,NECTIN4/SPINK5 protein level ratio,8e-977,1221,,,2026-08-14T05:12:01
SPINK6,A,Q6UWN8,104,Serum cystatin C (eGFRcys),-0.0103979582191133,0.00379476516759274,0,,0,,,0,0,,0,0,0,,,1.202849827683961e-05,1.7606924318214447,40,2,2,Blood protein levels,2e-210,33,,,2026-08-14T05:12:21
SPINT1,A,O43278,108,Thyroid cancer,-1.22674706578731,2.37275230941333e-07,1,prot-c-2828_82_2,0,,,0,0,,0,0,0,CHEMBL4742262,0,1.252039796258368e-09,0.9274681412643433,49,19,31,Circulating SPINT1 levels,4e-517,125,,,2026-08-14T05:12:37
SPINT2,A,O43291,118,Diagnoses - main ICD10: C61 Malignant neoplasm of prostate,0.105546444215463,0.000599014048988035,1,prot-c-2843_13_2,10,congenital sodium diarrhea,0.871,7,0,,3,0,0,CHEMBL6066288,0,0.00044230119175786353,0.8858803331612488,95,50,77,Bone mineral density mean,1e-300,226,,,2026-08-14T05:12:52
SPINT3,A,P49223,102,Non-cancer illness code  self-reported: hypertension,-0.0232237753036107,0.00269144890609044,0,,3,placental retention,0.301,3,0,,1,0,0,,,0.013784333182119737,2.7893967993808544,55,21,25,Kunitz-type protease inhibitor 3 levels,1e-155,30,,,2026-08-14T05:13:09
SPOCK2,A,Q92563,120,Non-cancer illness code  self-reported: pneumothorax,0.866391140349529,0.000402714897382378,1,prot-c-5491_12_3,11,Back pain,0.559,9,0,,0,0,0,,,9.221394256934413e-09,0.8471396417290372,60,29,30,ACAN protein levels,3e-242,91,,,2026-08-14T05:13:22
SPOCK3,A,Q9BQ16,66,Pallidum volume,-30.9558806181432,0.00383048406073425,0,,30,Hypercholesterolemia,0.537,14,0,,0,0,0,,,0.00010062306019583438,0.7185592499077278,66,45,32,Serum levels of protein SPOCK3,1e-186,130,,,2026-08-14T05:13:34
SPON1,A,Q9HCB6,99,Diastolic blood pressure  automated reading,0.0323473852721451,8.50748475818578e-07,1,prot-c-4297_62_3,21,atrial fibrillation,0.848,14,0,,0,0,0,,,0.00016636214992467413,0.5863955962643368,119,67,118,Circulating SPON1 levels,3e-675,100,,,2026-08-14T05:13:48
SPON2,A,Q9BUD6,109,Heel bone mineral density (BMD) T-score  automated,-0.117656338,6.09e-14,0,,12,Abnormality of the skeletal system,0.787,10,0,,0,0,0,,,3.641570931634514e-12,1.4376428372781411,68,21,23,FSTL3/SPON2 protein level ratio,5e-301,252,,,2026-08-14T05:14:00
ST3GAL1,A,Q11201,70,Diagnoses - main ICD10: R10 Abdominal and pelvic pain,0.133003884685033,0.000920689800302802,0,,21,prostate carcinoma,0.538,15,0,,0,0,0,CHEMBL3596074,0,0.036283991670729876,0.7129763569015928,85,88,97,Circulating ST3GAL1 levels,1e-313,118,,,2026-08-14T05:14:15
ST3GAL6,A,Q9Y274,110,Diagnoses - main ICD10: R04 Haemorrhage from respiratory passages,0.124128745458403,0.000593703631690626,0,,20,Abnormality of the skeletal system,0.797,14,0,,0,0,0,,,8.694972656335497e-09,1.032906265163653,170,291,411,Circulating ICAM2 levels,3e-4665,58,,,2026-08-14T05:14:30
ST6GALNAC6,A,Q969X2,3,Squamous cell lung cancer,0.451864335,0.243984196,0,,0,,,0,0,,0,0,0,,,0.001056938823888026,0.8125085451653099,76,13,14,ENG/NOTCH1 protein level ratio,8e-61,96,,,2026-08-14T05:14:43
STIM1,A,Q13586,90,Diagnoses - main ICD10: R04 Haemorrhage from respiratory passages,0.367988923642426,0.00461645093482912,0,,25,"myopathy, tubular aggregate, 1",0.921,13,0,,10,0,0,CHEMBL3832644,0,0.9973868525638845,0.467472442555283,73,35,51,Bone mineral density mean,1e-300,955,,,2026-08-14T05:15:14
STK17B,A,O94768,111,Myocardial infarction,-0.155258026159334,0.000476235572897053,1,prot-c-5249_31_3,14,frozen shoulder,0.5,13,0,,0,0,0,CHEMBL3980,0,0.00418672846421806,0.7203246419119671,36,24,31,Vertex-wise sulcal depth,9e-33,75,,,2026-08-14T05:15:29
STX10,A,O60499,115,Body mass index (BMI),0.0128032288342407,0.00995561969675638,0,,7,"osteoarthritis, knee",0.441,6,0,,0,0,0,,,8.39490017109248e-13,1.3620185397367104,66,3,2,Venous thromboembolism,2e-9,86,,,2026-08-14T05:15:42
STX7,A,O15400,112,Serum creatinine (eGFRcrea),-0.0125944584382872,3.43623950261924e-06,0,,6,Abnormality of neuronal migration,0.426,6,0,,1,0,0,,,1.1222672022896109e-10,1.1440335037775813,75,39,67,STX7 protein levels,5e-208,61,,,2026-08-14T05:15:54
SULF2,A,Q8IWU5,126,Non-cancer illness code  self-reported: gout,0.569230390381004,7.21288436058453e-23,0,,26,"osteoarthritis, knee",0.748,12,0,,0,0,0,,,2.205513464787422e-05,0.6084494787341163,61,126,156,Phospholipids in HDL,2e-47,188,,,2026-08-14T05:16:09
SULT2A1,A,Q06520,105,Diagnoses - main ICD10: K80 Cholelithiasis,-0.507964034,1.65e-06,0,,12,cholelithiasis,0.873,11,0,,0,0,0,CHEMBL2077,0,3.317412080640222e-18,1.6378138798416872,105,155,219,X-11440 levels,1e-543,59,,,2026-08-14T05:16:27
SUMF1,A,Q8NBK3,160,Potassium in urine,0.0224117568182487,0.00282386055539416,0,,22,Multiple sulfatase deficiency,0.932,13,0,,4,0,0,,,5.698227573552989e-17,1.2821220895892407,184,113,133,Circulating LRRN1 levels,1e-3269,1062,,,2026-08-14T05:16:41
SURF1,A,Q15526,98,Diagnoses - main ICD10: D12 Benign neoplasm of colon  rectum  anus and anal canal,0.161953340038061,0.00342078716824579,0,,13,Leigh syndrome,0.946,13,0,,13,0,0,,,1.73589926869948e-19,1.6922631378890503,322,24,25,ISLR2 protein levels,2e-297,865,,,2026-08-14T05:17:02
SVEP1,A,Q4LDE5,132,Diagnoses - main ICD10: B37 Candidiasis,0.597544354776527,3.4041956429793e-05,0,,15,hypertensive disorder,0.884,13,0,,0,0,0,,,8.688113442757801e-09,0.5081956910502076,111,95,130,"Sushi, von Willebrand factor type A, EGF and pentraxin domain-containing protein 1 levels",6e-162,597,,,2026-08-14T05:17:16
SWAP70,A,Q9UH65,107,Non-cancer illness code  self-reported: hypertension,-0.108194171049863,1.67243374168321e-09,0,,27,hypertensive disorder,0.93,13,0,,0,0,0,,,0.08705584367330903,0.5644306742088142,84,93,155,Switch-associated protein 70 levels,3e-733,75,,,2026-08-14T05:17:29
TAPBPL,A,Q9BX59,102,Forced vital capacity (FVC),-0.00612740717182158,0.000424349263787517,0,,3,marfanoid habitus and intellectual disability,0.195,3,0,,1,0,0,,,2.311838446285933e-08,0.9589434839223284,98,11,12,Tapasin-related protein levels,2e-5081,278,,,2026-08-14T05:17:42
TCN1,A,P20061,61,Hearing difficulty or problems: Yes,0.0364032851442277,0.0125143066024353,0,,11,vitamin B deficiency,0.899,11,0,,1,0,0,,,9.80664997660518e-17,1.294259501357113,37,16,32,Vitamin B-complex deficiencies (PheCode 261.2),1e-140,195,,,2026-08-14T05:17:54
TCN2,A,P20062,117,Height,0.0151786946322616,0.000245732779930304,0,,15,transcobalamin II deficiency,0.905,14,0,,5,0,0,,,1.3445252149410764e-08,0.930810345892766,84,30,43,Transcobalamin-2 levels,2e-4615,832,,,2026-08-14T05:18:06
TDGF1,A,P13385,105,Non-cancer illness code  self-reported: gout,0.0524116524851638,0.00205919538292206,1,prot-c-2672_60_1,7,midline interhemispheric variant of holoprosencephaly,0.608,7,0,,6,0,0,CHEMBL3713025,1,,,,,,,,,,,2026-08-14T05:18:20
TEK,A,Q02763,103,Underlying (primary) cause of death: ICD10: E85.4 Organ-limited amyloidosis,2.33329945559663,5.66511682074488e-24,1,prot-c-3773_15_4,11,multiple cutaneous and mucosal venous malformations,0.904,11,0,,8,0,0,CHEMBL4128,8,0.9999956229772643,0.4208246323579107,60,38,41,Circulating TEK levels (id: OID00398_OID21496),1e-955,586,,,2026-08-14T05:18:35
TEPSIN,A,Q96N21,61,Non-cancer illness code  self-reported: asthma,-0.127059510677307,0.00223721366402408,0,,3,obesity disorder,0.086,3,0,,0,0,0,,,5.220587009552202e-18,1.305281571019124,49,3,2,AP-4 complex accessory subunit tepsin levels,6e-24,45,,,2026-08-14T05:18:48
TEX29,A,Q8N6K0,59,Diagnoses - main ICD10: R55 Syncope and collapse,0.312426433887074,0.0012408002247547,0,,18,insomnia,0.669,15,0,,0,0,0,,,5.549811038687067e-12,1.977618288146321,80,57,79,Bone mineral density mean,1e-300,155,,,2026-08-14T05:19:00
TF,A,P02787,113,Transferrin,1.825550661,0.0,2,prot-c-4162_54_2;prot-c-4931_59_1,7,atransferrinemia,0.839,7,0,,3,0,0,,,1.8038805451558117e-12,0.8360501668749456,104,106,211,Iron status biomarkers (transferrin levels),8e-610,522,1,chembl,2026-08-14T05:19:14
TFF1,A,P04155,69,Non-cancer illness code  self-reported: vitiligo,1.16721461854239,1.04416294964649e-05,0,,1,exocrine pancreatic carcinoma,0.236,1,0,,0,0,0,,,0.0009101089194988597,1.8744743445521472,69,13,18,TFF1/TFF2 protein level ratio,3e-514,113,,,2026-08-14T05:19:26
TFRC,A,P02786,122,Transferrin Saturation,-0.951461119366023,1.16924271605393e-80,0,,7,TFRC-related combined immunodeficiency,0.694,7,0,,4,0,0,CHEMBL3712860,1,0.3141467174387432,0.5408370846944217,124,98,199,Circulating TFRC levels,3e-1757,840,,,2026-08-14T05:19:43
TGFB1,A,P01137,126,Height,-0.065637066,4.16e-08,1,prot-c-2333_72_1,20,Camurati-Engelmann disease,0.886,13,0,,6,0,0,CHEMBL1795178,3,0.10629957480621308,0.6370906418681819,124,112,161,ESAM/TGFB1 protein level ratio,2e-437,555,4,,2026-08-14T05:20:05
TGFBI,A,Q15582,118,Femoral neck bone mineral density,-0.0685787939923784,4.21351959572908e-05,1,prot-c-3283_21_1,17,lattice corneal dystrophy type I,0.916,14,0,,12,0,0,CHEMBL4295829,0,1.1194678729825067e-11,0.8584637974097126,100,34,62,Circulating TGFBI levels,2e-1848,267,,,2026-08-14T05:20:20
THBS2,A,P35442,75,Diagnoses - main ICD10: D25 Leiomyoma of uterus,0.127008003792953,0.00118455497797653,1,prot-c-3339_33_1,29,Abnormality of the skeletal system,0.877,14,0,,2,0,0,,,0.9998928032339489,0.443349203482765,66,42,84,Circulating THBS2 levels,8e-1272,324,,,2026-08-14T05:20:33
THBS4,A,P35443,78,Non-cancer illness code  self-reported: sleep apnoea,0.480005004,0.002336345,1,prot-c-3340_53_1,11,Abnormality of the skeletal system,0.894,10,1,Abnormality of the skeletal system,0,0,1,,,6.676862241531015e-24,0.9269437644017074,62,31,45,COMP/THBS4 protein level ratio,2e-435,158,,,2026-08-14T05:20:46
THSD1,A,Q9NS62,54,Myocardial infarction,-0.107206424550171,0.00391155847127359,0,,10,"aneurysm, intracranial berry, 12",0.862,9,0,,6,0,0,,,4.0119338607677444e-09,0.9786747675348435,9,3,4,Thrombospondin type-1 domain-containing protein 1 levels,3e-338,216,,,2026-08-14T05:20:57
TIE1,A,P35590,209,Non-cancer illness code  self-reported: hypertension,-0.010485396114367,0.000313347740958707,1,prot-c-2844_53_2,3,lymphatic malformation 11,0.706,3,0,,1,0,0,CHEMBL5274,1,3.753067623453156e-20,0.813434450708872,76,36,50,Circulating TIE1 levels,7e-256,221,,,2026-08-14T05:21:12
TIMP1,A,P01033,97,Diagnoses - main ICD10: D12 Benign neoplasm of colon  rectum  anus and anal canal,0.315958615412669,0.00656199261924091,1,prot-c-2211_9_6,0,,,0,0,,0,0,0,,,0.511236247419369,0.7647219371633651,2,,,,,208,,,2026-08-14T05:21:24
TIMP2,A,P16035,123,Height,-0.043062201,9.11e-05,1,prot-c-2278_61_4,4,coronary artery disorder,0.545,3,0,,0,0,0,,,0.99514067026421,0.43313862363082944,92,35,40,LGALS3BP protein levels,1e-77,62,,,2026-08-14T05:21:36
TIMP3,A,P35625,110,Myocardial infarction,-0.0388540883206189,0.00110955174370565,1,prot-c-2480_58_3,19,Sorsby fundus dystrophy,0.859,14,0,,5,0,0,CHEMBL5465289,0,0.6976090589505284,0.6062072446027983,110,6,11,TIMP3 protein levels,4e-68,302,,,2026-08-14T05:21:54
TIMP4,A,Q99727,119,Non-cancer illness code  self-reported: hypothyroidism or myxoedema,-0.144159155768035,1.4258339445728e-05,0,,23,type 2 diabetes mellitus,0.573,13,0,,0,0,0,,,2.0303269699652018e-10,1.4071998773670877,104,,,,,88,,,2026-08-14T05:22:09
TIRAP,A,P58753,88,Diagnoses - main ICD10: N92 Excessive  frequent and irregular menstruation,0.316687741946132,1.28017647909008e-05,0,,7,response to statin,0.093,7,0,,0,0,0,,,1.2199711906308345e-07,1.4672095039345916,131,26,32,Height,1e-99,110,1,,2026-08-14T05:22:24
TLR4;LY96,A,,178,Non-cancer illness code  self-reported: hypertension,-0.00621025568708575,0.00606174409397325,0,,0,,,0,0,,0,0,0,CHEMBL3038512,1,,,,94,167,Toll-like receptor 4:Lymphocyte antigen 96 complex levels,2e-217,,,,2026-08-14T05:22:36
TMED10,A,P49755,121,Serum cystatin C (eGFRcys),-0.108499095840868,9.81342785429637e-198,0,,10,Alzheimer disease,0.267,10,0,,0,0,0,CHEMBL4295772,0,0.9058167561881217,0.5700536192088512,45,14,13,Height,3e-75,50,,,2026-08-14T05:22:51
TMEM106B,A,Q9NUM4,131,Non-cancer illness code  self-reported: depression,0.172336225,2.81e-08,0,,29,"leukodystrophy, hypomyelinating, 16",0.774,12,0,,1,0,0,,,0.02772064291908664,0.7433257073156895,112,134,148,Height,1e-79,183,,,2026-08-14T05:23:04
TMEM132A,A,Q24JP5,105,Type 2 diabetes,-0.0478607549247805,0.0164824842480223,0,,0,,,0,0,,0,0,0,,,1.8874156754268383e-11,0.8740102109814494,94,14,28,Transmembrane protein 132A levels (TMEM132A.7871.16.3),2e-112,218,,,2026-08-14T05:23:18
TMEM132B,A,Q14DG7,84,Potassium in urine,0.0503679795769511,0.000365063863540579,0,,30,smoking initiation,0.601,15,0,,0,0,0,,,0.9999999998386636,0.29411553536929785,71,52,26,Transmembrane protein 132B levels,2e-23,165,,,2026-08-14T05:23:45
TMEM132C,A,Q8N3T6,185,Ischemic stroke,0.171020944725054,0.00358111774846919,0,,29,alcohol drinking,0.722,14,0,,0,0,0,,,0.0037067707463851822,0.6439576725404389,89,54,28,Serum levels of protein TMEM132C,4e-41,263,,,2026-08-14T05:24:02
TMEM132D,A,Q14C87,68,Diagnoses - main ICD10: C50 Malignant neoplasm of breast,0.237192822,0.000662967,0,,30,cutaneous melanoma,0.6,15,0,,0,0,0,,,0.990754742067637,0.48531603273264295,108,78,26,Bone mineral density mean,1e-300,252,,,2026-08-14T05:24:15
TMEM190,A,Q8WZ59,86,Diagnoses - main ICD10: M16 Coxarthrosis [arthrosis of hip],-0.0831422445848895,0.000147310258970905,0,,1,injury,0.212,0,0,,0,0,0,,,1.3861694430847403e-06,1.4919314326656363,63,16,17,Transmembrane protein 190 levels,1e-2483,67,,,2026-08-14T05:24:30
TMEM2,A,Q9UHN6,104,Eye problems or disorders: Glaucoma,0.246139828717228,0.00103606320300313,0,,27,Inguinal hernia,0.699,15,0,,7,0,0,,,,,,,,,,,,,2026-08-14T05:24:40
TNC,A,P24821,67,Body mass index (BMI),-0.012053223915592,0.0019580791003308,1,prot-c-4155_3_2,26,autosomal dominant nonsyndromic hearing loss,0.787,12,0,,2,0,0,CHEMBL3712856,4,3.2317654450841676e-15,0.6312881421669659,128,65,94,Tenascin levels,4e-1960,691,,,2026-08-14T05:24:58
TNFAIP6,A,P98066,118,Diagnoses - main ICD10: S66 Injury of muscle and tendon at wrist and hand level,0.279165352332406,0.00120597753993355,1,prot-c-5036_50_1,6,cardiac transplant,0.425,6,0,,0,0,0,,,1.4191652088008015e-13,1.4121166722350624,55,26,38,Serum levels of protein TNFAIP6,1e-228,73,,,2026-08-14T05:25:10
TNFRSF10B,A,O14763,60,Non-cancer illness code  self-reported: joint disorder,0.521175757,0.001093921,0,,15,basal cell carcinoma,0.762,14,0,,2,0,0,CHEMBL1075153,7,8.452857277456997e-11,1.1216206717872772,100,70,85,Circulating TNFRSF10B levels,6e-794,188,,,2026-08-14T05:25:42
TNFRSF11A,A,Q9Y6Q6,116,Paget's disease,2.1469932885906,4.72029151866626e-13,1,prot-c-5424_55_3,29,Osteopetrosis - hypogammaglobulinemia,0.847,10,0,,8,0,0,CHEMBL4296079,0,5.392663557340944e-06,0.7719199755328142,73,71,109,TNFRSF11A/TNFRSF1A protein level ratio,1e-1835,891,2,,2026-08-14T05:25:58
TNFRSF19,A,Q9NS68,85,Cancer code  self-reported: small intestine or small bowel cancer,1.047547339,0.000256144,1,prot-c-5131_15_3,9,nasopharyngeal neoplasm,0.596,9,0,,0,0,0,,,2.4006455759838503e-05,0.802694570399778,50,28,39,Circulating TNFRSF19 levels,9e-324,178,,,2026-08-14T05:26:15
TNFRSF1B,A,P20333,106,Eye problems or disorders: Injury or trauma resulting in loss of vision,0.41611831184022,0.000229170358069099,1,prot-c-3152_57_1,3,hypothyroidism,0.664,2,0,,0,0,0,CHEMBL1250356,0,0.15646468336624683,0.6243886736718506,36,19,26,TNFRSF1A/TNFRSF1B protein level ratio,3e-439,116,4,,2026-08-14T05:26:31
TNFRSF6B,A,O95407,5,Invasive mucinous ovarian cancer,-0.730803571428571,0.00625211184283843,1,prot-c-5070_76_3,25,Wheezing,0.66,15,0,,1,0,0,,,4.319554294226262e-10,1.8168248075713747,178,84,170,Telomere length (principal component 1),1e-300,561,,,2026-08-14T05:26:49
TNFSF11,A,O14788,42,Iron,-0.121818181818182,0.00678797983520864,1,prot-c-2917_3_2,17,osteoporosis,0.759,14,0,,3,0,0,CHEMBL2364162,1,0.6635579509960168,0.6042038448878517,106,56,76,Alkaline phosphatase (UKB data field 30610),1e-45,323,1,,2026-08-14T05:27:06
TNFSF12;TNFSF12-TNFSF13,A,,98,Non-cancer illness code  self-reported: hypertension,0.0607291894035131,3.16022808786696e-08,0,,0,,,0,0,,0,0,0,CHEMBL3713023,2,,,,127,193,Sex hormone-binding globulin levels,8e-1628,,,,2026-08-14T05:27:21
TNFSF14,A,O43557,95,Cancer code  self-reported: prostate cancer,-0.30007002,0.007998914,1,prot-c-5355_69_3,6,multiple sclerosis,0.773,5,0,,0,0,0,CHEMBL3712914,2,0.00041972530946880824,1.0161215016684648,102,46,97,Circulating TNFSF14 levels (id: OID00506_OID20953),8e-534,54,,,2026-08-14T05:27:42
TOR1AIP1,A,Q5JTV8,96,Non-cancer illness code  self-reported: high cholesterol,0.0798325586877882,0.00980249348093041,0,,9,autosomal recessive limb-girdle muscular dystrophy type 2Y,0.843,9,0,,4,0,0,CHEMBL6067329,0,3.3802411953849203e-16,1.0707818768643709,48,8,14,QSOX1 protein levels,1e-45,582,,,2026-08-14T05:27:58
TPPP2,A,P59282,127,Height,0.0809061488673139,2.76730179155376e-08,0,,2,alcohol drinking,0.312,2,0,,0,0,0,,,0.016655696643807713,1.1111322586246262,81,5,3,Histidine levels,3e-23,95,,,2026-08-14T05:28:10
TPSAB1;TPSB2,A,,92,Birth weight,-0.0311592800464486,8.60730332911335e-05,0,,0,,,0,0,,0,0,0,CHEMBL4523196,0,,,,24,41,Circulating TPSAB1 levels,1e-3575,,,,2026-08-14T05:28:22
TPST1,A,O60507,109,Weight,-0.0378441418071768,0.000134962273661999,0,,3,smoking initiation,0.254,3,0,,0,0,0,,,0.0003944399122256097,0.8351530037392031,22,10,15,Protein-tyrosine sulfotransferase 1 levels,4e-64,71,,,2026-08-14T05:28:34
TPST2,A,O60704,89,Sodium in urine,-0.0319156854672705,0.00120553946991981,0,,12,diabetes mellitus,0.456,12,0,,0,0,0,CHEMBL3178,0,0.0015690263084654726,0.8756336834402036,32,11,9,Protein-tyrosine sulfotransferase 2 levels,4e-80,85,,,2026-08-14T05:28:51
TREM1,A,Q9NP99,103,Alzheimer's disease,0.147860963,0.00200571,0,,2,liver disorder,0.166,2,0,,0,0,0,CHEMBL1697674,1,0.00010316467454976127,1.0829552898898036,65,13,15,Triggering receptor expressed on myeloid cells 1 levels,2e-101,56,,,2026-08-14T05:29:11
TREM2,A,Q9NZC2,51,Non-cancer illness code  self-reported: pernicious anaemia,0.642191937,0.002948309,0,,10,Nasu-Hakola disease,0.887,10,0,,4,0,0,CHEMBL6196124,0,7.945079372239093e-07,1.2679614023203196,70,26,39,TREM2 protein levels,3e-113,202,,,2026-08-14T00:48:33
TREML1,A,Q86YW5,105,Vascular or heart problems diagnosed by doctor: Angina,0.2291951,0.00268779,0,,4,Parkinson disease,0.152,4,1,Parkinson disease,0,1,0,,,3.604321522379724e-11,1.6363712630697493,68,4,3,Triggering receptor expressed on myeloid cells 2 level in Chronic kidney disease with hypertension and no diabetes (16300_4),7e-30,54,,,2026-08-14T05:29:24
TREML2,A,Q5T2D2,74,Weight,-0.0148985130648188,0.000908350734010309,0,,3,Alzheimer disease,0.47,3,0,,0,0,0,,,2.2476149171375402e-08,1.302099917045776,77,37,46,Trem-like transcript 2 protein levels,4e-897,66,,,2026-08-14T05:29:36
TST,A,Q16762,94,Diastolic blood pressure  automated reading,-0.0353952761375478,0.000366808368306861,0,,9,COVID-19,0.4,9,0,,0,0,0,CHEMBL4295835,0,1.0645722343520519e-08,1.5408205938275963,147,17,23,Mean corpuscular hemoglobin,6e-792,76,,,2026-08-14T05:29:54
TXNDC12,A,O95881,129,Inflammatory bowel disease,0.134030460624071,9.89878750190947e-20,1,prot-c-4815_25_3,3,protozoa infectious disease,0.389,3,0,,0,0,0,,,1.1538902078180913e-07,1.3002414572267187,6,2,0,Plasma PCSK9 levels,1e-7,94,,,2026-08-14T05:30:07
TXNDC15,A,Q96J42,102,Height,-0.071661238,3.12e-07,0,,4,meckel syndrome 14,0.817,4,0,,4,0,0,,,3.2023831785589475e-06,0.963217801920662,37,7,7,TXNDC15 protein levels,2e-66,111,,,2026-08-14T05:30:19
TXNDC5,A,Q8NBS9,104,Underlying (primary) cause of death: ICD10: E85.4 Organ-limited amyloidosis,1.66205213655747,0.000186604260783502,0,,6,colorectal carcinoma,0.48,6,0,,0,0,0,CHEMBL4739698,0,3.766728540021303e-13,1.0758166060283838,109,52,62,Bone mineral density mean,1e-300,105,,,2026-08-14T05:30:39
TYK2,A,P29597,111,Myocardial infarction,-0.153614117647059,0.000476235572897054,1,prot-c-5260_80_3,20,rheumatoid arthritis,0.931,13,0,,2,0,0,CHEMBL3553,8,2.7840527895783723e-07,0.6105451289998098,158,118,222,IFNAR1 protein levels,2e-83,1152,,,2026-08-14T05:31:00
TYMP,A,P19971,111,Mean cell volume,1.367156863,6.26e-16,0,,7,mitochondrial DNA depletion syndrome 1,0.937,6,0,,4,0,0,CHEMBL3106,1,2.132751172695385e-17,1.3920076780774644,115,9,14,Mean corpuscular volume,7e-68,1288,1,,2026-08-14T05:31:18
TYRO3,A,Q06418,81,Diastolic blood pressure  automated reading,0.078996894,3.03e-06,1,prot-c-2611_72_2,10,metabolic syndrome,0.569,10,0,,3,0,0,CHEMBL5314,0,0.5582023619847091,0.5231425223797369,101,50,59,Circulating TYRO3 levels,8e-2144,152,,,2026-08-14T05:31:37
UBASH3B,A,Q8TF42,119,HDL cholesterol,-0.120855615,6.84e-09,0,,23,hypertensive disorder,0.775,12,0,,0,0,0,CHEMBL5725045,0,0.011541915349918155,0.5838868745785329,136,203,327,Monocyte count,6e-120,145,,,2026-08-14T05:31:56
UCMA,A,Q8WVF2,97,Non-cancer illness code  self-reported: pneumothorax,0.605295727741101,0.00125137731718716,0,,10,liver disorder,0.463,8,0,,1,0,0,,,1.0390732488825127e-07,1.3902273195678871,35,6,7,Unique cartilage matrix-associated protein levels,2e-147,61,,,2026-08-14T05:32:08
UGT1A6,A,P19224,115,Total cholesterol,0.086037736,7.18e-10,0,,25,Gilbert syndrome,0.763,14,3,Gilbert syndrome,7,0,2,CHEMBL1743316,0,1.8246509494716068e-08,0.9689812250535369,302,229,529,Total bilirubin levels,3e-26677,639,16,,2026-08-14T05:32:36
ULBP3,A,Q9BZM4,92,Alcohol intake frequency,-0.07394269,0.003080757,1,prot-c-2747_3_2,2,esophageal ulcer,0.404,2,0,,0,0,0,,,2.9643419802147082e-09,1.4026949212168536,71,18,13,NKG2D ligand 3 levels,1e-106,59,,,2026-08-14T05:32:49
UNC5C,A,O95185,6,Forearm bone mineral density,-0.112720861172977,0.0800213759002205,1,prot-c-5139_32_3,26,type 2 diabetes mellitus,0.72,15,0,,1,0,0,,,0.00019498652744483918,0.6008518292504723,117,66,58,Netrin receptor UNC5C levels,9e-55,190,,,2026-08-14T05:33:00
UNC5D,A,Q6UXZ4,110,Alcohol intake frequency,-0.092095035,0.000260367,1,prot-c-5140_56_3,28,alcohol drinking,0.543,15,0,,0,0,0,,,0.9835531858719421,0.483305481152298,81,64,58,Bone mineral density mean,4e-94,177,,,2026-08-14T05:33:11
UROS,A,P10746,80,Thalamus volume,-90.070416487763,0.00993664349290221,0,,3,Congenital erythropoietic porphyria,0.898,3,0,,3,0,0,CHEMBL4433,0,0.0018722082741275982,0.8087954301802344,21,6,5,UROS protein levels,3e-60,241,,,2026-08-14T05:33:27
UST,A,Q9Y2C2,117,Platelet count,-10.26510067,0.001349897,0,,25,atrial fibrillation,0.576,13,0,,0,0,0,,,0.024525409773531095,0.6637001711144979,66,49,49,Uronyl 2-sulfotransferase levels,2e-102,76,1,,2026-08-14T05:33:40
UXS1,A,Q8NBZ7,85,Diastolic blood pressure  automated reading,-0.076010959,1.45e-05,0,,11,placental retention,0.478,10,0,,0,0,0,,,5.1210900825523055e-05,0.7043130862601225,42,15,10,Height,9e-66,106,,,2026-08-14T05:33:55
VAV1,A,P15498,91,Alzheimer's disease,-0.341597796,0.002678412,0,,0,,,0,0,,0,0,0,CHEMBL3259472,0,0.9999999998734815,0.34440297064785813,81,27,50,Mean platelet thrombocyte volume (UKB data field 30100),6e-75,681,,,2026-08-14T05:34:14
VCAM1,A,P19320,142,Non-cancer illness code  self-reported: hypothyroidism or myxoedema,0.740182659573119,1.91560194750393e-161,1,prot-c-2967_8_1,3,open-angle glaucoma,0.55,2,0,,0,0,0,CHEMBL3735,0,5.045998308720116e-09,0.8333230105423453,55,39,57,Hematological traits (multi-trait analysis),2e-78,114,,,2026-08-14T05:34:40
VEGFA,A,P15692,112,Body mass index (BMI),-0.00885204328634487,0.0100074065664491,2,prot-c-2597_8_3;prot-c-4867_15_2,4,diabetic retinopathy,0.069,3,0,,0,0,0,CHEMBL1783,13,0.40464582090771894,0.5846185283347473,122,677,1328,Thyroid stimulating hormone levels,1e-336,126,28,,2026-08-14T05:34:58
VEGFC,A,P49767,58,Non-cancer illness code  self-reported: joint disorder,0.213133858265672,0.00875433915499678,1,prot-c-3132_1_1,18,Milroy disease,0.727,14,0,,3,0,0,CHEMBL3714157,1,0.9995097310735095,0.42187859730097854,42,28,37,Serum levels of protein VEGFC,5e-240,184,,,2026-08-14T05:35:14
VIT,A,Q6UXI7,91,Diagnoses - main ICD10: S66 Injury of muscle and tendon at wrist and hand level,0.442084527840844,0.000312268255156578,0,,11,alcohol drinking,0.636,11,0,,0,0,0,CHEMBL4295727,0,2.621171394832539e-41,1.500540624239047,100,59,88,VIT protein levels,2e-158,186,,,2026-08-14T05:35:31
VSIG2,A,Q96IQ7,95,Height,-0.0437845040928993,0.000492415787540425,0,,15,schizophrenia,0.69,13,0,,0,0,0,,,4.779049173653297e-11,1.38442789563347,38,10,13,VSIG2 protein levels,3e-178,141,,,2026-08-14T05:35:44
VSIR,A,Q9H7M9,93,Body fat,0.0794824399260628,0.00366777696165557,0,,3,hypothyroidism,0.494,2,0,,0,0,0,CHEMBL4523457,0,0.9282417922839824,0.546644373042048,88,52,97,V-type immunoglobulin domain-containing suppressor of T-cell activation levels,2e-559,48,,,2026-08-14T05:36:02
VTN,C,P04004,0,,,,0,,7,hypertensive disorder,0.715,7,0,,0,0,0,CHEMBL1075314,0,6.392368496075215e-13,1.031776917260122,76,1478,2134,Vitronectin levels,4e-6996,120,,mr_outcomes,2026-08-14T05:36:19
VWA2,A,Q5GFL6,111,Pallidum volume,-30.29419954,0.000110199,0,,13,ocular hypotension,0.465,13,0,,1,0,0,CHEMBL5724659,0,3.8766784682035153e-26,1.259533248412073,49,8,14,Serum levels of protein VWA2,6e-39,106,,,2026-08-14T05:36:36
VWC2,A,Q2TAL6,113,Chronic kidney disease,0.194117647,0.002699796,0,,18,obesity disorder,0.658,14,0,,0,0,0,,,0.048218996742602105,0.7352737619618137,90,57,91,EPHB6/VWC2 protein level ratio,2e-1410,79,,,2026-08-14T05:36:48
WARS,A,P23381,126,Age at menarche,-0.11372549,2.1e-05,0,,11,"neurodevelopmental disorder with microcephaly and speech delay, with or without brain abnormalities",0.693,9,1,asthma,6,1,0,CHEMBL6066299,0,,,,,,,,,,,2026-08-14T05:37:02
WFDC1,A,Q9HC57,103,Age at menarche,-0.055432373,0.00083,0,,4,major salivary gland cancer,0.459,4,0,,0,0,0,,,8.050897503974226e-16,1.5484990453369238,55,19,11,WAP four-disulfide core domain protein 1 levels,1e-212,147,,,2026-08-14T05:37:22
WFDC5,A,Q8TCV5,107,Height,0.074235808,1.31e-05,0,,2,type 2 diabetes mellitus,0.259,2,0,,0,0,0,,,8.929163666005035e-06,1.4713361954973772,61,10,12,LY6D/WFDC12 protein level ratio,5e-1373,32,,,2026-08-14T05:37:34
WFIKKN1,A,Q96NZ8,103,Diagnoses - main ICD10: R07 Pain in throat and chest,0.14213612,0.011963224,1,prot-c-3191_50_2,0,,,0,0,,0,0,0,,,0.0020510549562688814,2.593542150773949,122,9,10,Circulating WFIKKN1 levels,1e-271,219,,,2026-08-14T05:37:50
WFIKKN2,A,Q8TEU8,119,Weight,-0.0176586560538803,3.6085801472124e-07,1,prot-c-3235_50_2,5,"osteoarthritis, hip",0.651,3,0,,0,0,0,,,7.469891891712134e-06,0.8917623918839422,73,30,50,Circulating WFIKKN2 levels,1e-2338,127,,,2026-08-14T05:38:02
WISP1,A,O95388,109,Rheumatoid arthritis,-0.141933684402182,0.000145853027064798,1,prot-c-3057_55_1,11,hypothyroidism,0.769,7,0,,0,0,0,,,,,,,,,,,,,2026-08-14T05:38:15
WISP2,A,O76076,104,Cancer code  self-reported: small intestine or small bowel cancer,0.897756854,0.00028015,0,,1,type 2 diabetes mellitus,0.534,1,0,,0,0,0,,,,,,,,,,,,,2026-08-14T05:38:25
XCL1,A,P47992,123,Cancer code  self-reported: prostate cancer,-0.263484405,0.016867803,1,prot-c-4143_74_2,8,adolescent idiopathic scoliosis,0.519,6,0,,0,0,0,,,0.010269353062950452,1.609887755672699,103,25,63,XCL1 protein levels,1e-191,48,,,2026-08-14T05:38:38
XPNPEP2,A,O43895,121,Urate,0.16,1.97662106137993e-08,0,,4,acquired angioedema,0.353,4,0,,2,0,0,CHEMBL4610,0,1.2305576995137926e-23,1.3176392340845255,8,8,8,Circulating XPNPEP2 levels,9e-3826,341,1,,2026-08-14T05:38:54
XRCC4,A,Q13426,52,Lung adenocarcinoma,0.41072341096219,0.00521595519051467,0,,22,microcephalic primordial dwarfism-insulin resistance syndrome,0.864,14,0,,4,0,0,CHEMBL4296097,0,1.7782530613958808e-07,0.9818335457491492,58,28,55,VCAN protein levels,1e-94,215,3,,2026-08-14T05:39:11
XXYLT1,A,Q8NBI6,69,Non-cancer illness code  self-reported: bone disorder,0.533558713,0.001357123,0,,19,atrial fibrillation,0.818,14,3,venous thromboembolism,0,2,1,,,2.014691131651975e-05,1.004602066594763,100,99,93,Bone mineral density mean,1e-300,146,,,2026-08-14T05:39:23
ZG16B,A,Q96DA0,100,Age at menopause,-0.320512821,0.012419331,0,,2,stroke disorder,0.145,2,0,,0,0,0,,,0.0005826230314439761,2.075678979302507,45,7,7,Zymogen granule protein 16 homolog B levels,6e-238,94,,,2026-08-14T05:39:35
